Juízo;1;2;3;96;97;98
e-ProcV2
12/2017
00 - FLORIANÓPOLIS
SCFLP02F - Juízo Federal da 2ª VF de Florianópolis;13;1;0;28;50;217
SCFLP02S - Juízo Substituto da 2ª VF de Florianópolis;8;10;5;46;53;215
SCFLP03F - Juízo Federal da 3ª VF de Florianópolis;11;14;5;50;43;239
SCFLP03S - Juízo Substituto da 3ª VF de Florianópolis;11;14;4;40;24;209
SCFLP04F - Juízo Federal da 4ª VF de Florianópolis;9;6;15;38;18;316
SCFLP04S - Juízo Substituto da 4ª VF de Florianópolis;20;10;23;40;49;335
SCFLP08F - Juízo Federal da 8ª VF de Florianópolis;86;70;92;5;175;825
SCFLP08S - Juízo Substituto da 8ª VF de Florianópolis;85;81;86;7;190;755
SCFLPCEMA - CENTRAL DE MANDADOS - FLORIANÓPOLIS;0;0;0;0;0;1
SCFLP05F - Juízo Federal da 5ª VF de Florianópolis;76;158;76;84;185;966
SCFLP05S - Juízo Substituto da 5ª VF de Florianópolis;75;170;101;83;116;918
SCFLPTR01A - Gab. Juiz Federal JULIO GUILHERME BEREZOSKI SCHATTSCHNEIDER (SC-1A);0;0;0;0;0;1
SCFLPCEJUA - JUÍZO A DO CEJUSCON DE FLORIANÓPOLIS;0;0;0;0;0;366
Total 00 - FLORIANÓPOLIS 12/2017 e-ProcV2;394;534;407;421;903;5363
01 - JOINVILLE
SCJOI04F - Juízo Federal da 4ª VF de Joinville;174;155;135;32;215;2133
SCJOI04S - Juízo Substituto da 4ª VF de Joinville;157;168;133;28;242;2238
SCJOI03F - Juízo Federal da 3ª VF de Joinville;170;100;138;17;23;1394
SCJOI03S - Juízo Substituto da 3ª VF de Joinville;174;125;132;40;22;1474
SCJOI06F - Juízo Federal da 6ª VF de Joinville;1;0;0;0;0;1
Total 01 - JOINVILLE 12/2017 e-ProcV2;676;548;538;117;502;7240
02 - CHAPECÓ
SCCHA01F - Juízo Federal da 1ª VF de Chapecó;6;3;3;25;10;128
SCCHA01S - Juízo Substituto da 1ª VF de Chapecó;4;2;4;21;7;126
SCCHA02F - Juízo Federal da 2ª VF de Chapecó;7;8;6;36;17;156
SCCHA02S - Juízo Substituto da 2ª VF de Chapecó;2;8;9;16;17;137
SCCHA03F - Juízo Federal da 3ª VF de Chapecó;139;119;105;3;87;1056
SCCHA03S - Juízo Substituto da 3ª VF de Chapecó;152;114;99;3;115;1072
SCCHACEMA - CENTRAL DE MANDADOS - CHAPECÓ;17;10;0;0;0;20
SCCHACEJUA - JUÍZO A DO CEJUSCON DE CHAPECÓ;0;0;29;0;1;121
Total 02 - CHAPECÓ 12/2017 e-ProcV2;327;264;255;104;254;2816
03 - JOAÇABA
SCJOA01F - Juízo Federal da 1ª VF de Joaçaba;84;56;101;55;31;1091
SCJOA01S - Juízo Substituto da 1ª VF de Joaçaba;84;59;74;83;34;1107
Total 03 - JOAÇABA 12/2017 e-ProcV2;168;115;175;138;65;2198
04 - CRICIÚMA
SCCRI02F - Juízo Federal da 2ª VF de Criciúma;79;47;43;1;83;696
SCCRI02S - Juízo Substituto da 2ª VF de Criciúma;95;52;64;6;81;761
SCCRI03F - Juízo Federal da 3ª VF de Criciúma;92;97;68;0;83;711
SCCRI03S - Juízo Substituto da 3ª VF de Criciúma;93;100;70;0;69;708
SCCRICEMA - CENTRAL DE MANDADOS - CRICIÚMA;3;10;0;0;0;2
SCCRI04F - Juízo Federal da 4ª VF de Criciúma;19;11;6;14;36;366
SCCRI04S - Juízo Substituto da 4ª VF de Criciúma;21;10;6;31;25;363
Total 04 - CRICIÚMA 12/2017 e-ProcV2;402;327;257;52;377;3607
05 - BLUMENAU
SCBLU01F - Juízo Federal da 1ª VF de Blumenau;8;24;14;56;38;335
SCBLU01S - Juízo Substituto da 1ª VF de Blumenau;14;18;0;75;27;352
SCBLU03F - Juízo Federal da 3ª VF de Blumenau;124;125;89;1;30;1025
SCBLU03S - Juízo Substituto da 3ª VF de Blumenau;121;122;97;2;56;1099
SCBLU02F - Juízo Federal da 2ª VF de Blumenau;10;46;15;43;51;423
SCBLU02S - Juízo Substituto da 2ª VF de Blumenau;16;43;10;62;41;376
SCBLU04F - Juízo Federal da 4ª VF de Blumenau;123;200;105;6;15;862
SCBLU04S - Juízo Substituto da 4ª VF de Blumenau;124;190;99;6;8;903
SCBLUCEJUA - JUÍZO A DO CEJUSCON DE BLUMENAU;1;2;0;0;0;0
Total 05 - BLUMENAU 12/2017 e-ProcV2;541;770;429;251;266;5375
06 - LAGES
SCLAG01F - Juízo Federal da 1ª VF de Lages;6;1;2;6;4;99
SCLAG01S - Juízo Substituto da 1ª VF de Lages;0;0;3;6;4;97
SCLAG02F - Juízo Federal da 2ª VF de Lages;197;131;148;22;158;1959
SCLAG02S - Juízo Substituto da 2ª VF de Lages;192;128;167;19;149;1990
SCLAGCEMA - CENTRAL DE MANDADOS - LAGES;61;69;0;0;0;32
SCLAGCEJUA - JUÍZO A DO CEJUSCON DE LAGES;0;0;5;0;0;130
Total 06 - LAGES 12/2017 e-ProcV2;456;329;325;53;315;4307
07 - TUBARÃO
SCTUB01F - Juízo Federal da 1ª VF de Tubarão;0;1;0;0;0;1
SCTUB02F - Juízo Federal da 2ª VF de Tubarão;161;158;152;1;102;1420
SCTUB02S - Juízo Substituto da 2ª VF de Tubarão;158;154;159;4;120;1488
Total 07 - TUBARÃO 12/2017 e-ProcV2;319;313;311;5;222;2909
08 - ITAJAÍ
SCITA02F - Juízo Federal da 2ª VF de Itajaí;4;26;8;5;15;165
SCITA02S - Juízo Substituto da 2ª VF de Itajaí;9;18;11;14;18;180
SCITA03F - Juízo Federal da 3ª VF de Itajaí;6;15;17;1;5;139
SCITA03S - Juízo Substituto da 3ª VF de Itajaí;8;11;4;2;29;133
SCITA04F - Juízo Federal da 4ª VF de Itajaí;212;325;186;10;146;2229
SCITA04S - Juízo Substituto da 4ª VF de Itajaí;204;284;232;12;152;2181
Total 08 - ITAJAÍ 12/2017 e-ProcV2;443;679;458;44;365;5027
09 - JARAGUÁ DO SUL
SCJAR01F - Juízo Federal da 1ª VF de Jaraguá do Sul;18;50;17;2;14;241
SCJAR01S - Juízo Substituto da 1ª VF de Jaraguá do Sul;13;60;19;0;11;240
SCJAR02F - Juízo Federal da 2ª VF de Jaraguá do Sul;133;126;73;0;56;1061
SCJAR02S - Juízo Substituto da 2ª VF de Jaraguá do Sul;147;122;117;0;104;1113
SCJARCEMA - CENTRAL DE MANDADOS - JARAGUÁ DO SUL;0;0;0;0;0;1
Total 09 - JARAGUÁ DO SUL 12/2017 e-ProcV2;311;358;226;2;185;2656
10 - SÃO MIGUEL DO OESTE
SCSMO01F - Juízo Federal da 1ª VF de São Miguel do Oeste;83;48;73;17;79;988
SCSMO01S - Juízo Substituto da 1ª VF de São Miguel do Oeste;87;46;55;10;129;1010
Total 10 - SÃO MIGUEL DO OESTE 12/2017 e-ProcV2;170;94;128;27;208;1998
11 - CAÇADOR
SCCAC01F - Juízo Federal da 1ª VF de Caçador;80;56;34;22;190;1105
SCCAC01S - Juízo Substituto da 1ª VF de Caçador;87;63;41;20;209;1089
Total 11 - CAÇADOR 12/2017 e-ProcV2;167;119;75;42;399;2194
12 - CONCÓRDIA
SCCON01F - Juízo Federal da 1ª VF de Concórdia;26;25;59;4;57;420
SCCON01S - Juízo Substituto da 1ª VF de Concórdia;27;36;61;2;64;415
Total 12 - CONCÓRDIA 12/2017 e-ProcV2;53;61;120;6;121;835
13 - RIO DO SUL
SCRSL01F - Juízo Federal da 1ª VF de Rio do Sul;49;90;56;22;168;661
SCRSL01S - Juízo Substituto da 1ª VF de Rio do Sul;61;85;46;32;195;711
SCRSLUI02F - Juízo Federal da 2ª Unidade de Apoio Itinerante em Rio do Sul;0;6;29;0;5;201
SCRSLUI02S - Juízo Substituto da 2ª Unidade de Apoio Itinerante em Rio do Sul;0;2;32;0;2;194
SCRSLUI01F - Juízo Federal da 1ª Unidade de Apoio Itinerante em Rio do Sul;0;7;14;0;3;193
SCRSLUI01S - Juízo Substituto da 1ª Unidade de Apoio Itinerante em Rio do Sul;0;2;15;1;3;188
Total 13 - RIO DO SUL 12/2017 e-ProcV2;110;192;192;55;376;2148
14 - MAFRA
SCMFA01F - Juízo Federal da 1ª VF de Mafra;36;32;25;43;54;439
SCMFA01S - Juízo Substituto da 1ª VF de Mafra;28;23;12;46;83;415
Total 14 - MAFRA 12/2017 e-ProcV2;64;55;37;89;137;854
15 - BRUSQUE
SCBQE01F - Juízo Federal da 1ª VF de Brusque;72;44;61;37;2;572
SCBQE01S - Juízo Substituto da 1ª VF de Brusque;62;57;58;30;28;543
Total 15 - BRUSQUE 12/2017 e-ProcV2;134;101;119;67;30;1115
16 - LAGUNA
SCLGA01F - Juízo Federal da 1ª VF de Laguna;74;33;57;14;45;806
SCLGA01S - Juízo Substituto da 1ª VF de Laguna;66;23;57;12;34;732
Total 16 - LAGUNA 12/2017 e-ProcV2;140;56;114;26;79;1538
19 - VIDEIRA - CAÇADOR
SCCACUI01F - Juízo Federal da 1ª Unidade de Apoio Itinerante em Caçador;0;5;7;0;15;126
SCCACUI01S - Juízo Substituto da 1ª Unidade de Apoio Itinerante em Caçador;0;4;5;0;10;118
SCCACUI02F - Juízo Federal da 2ª Unidade de Apoio Itinerante em Caçador;0;2;11;0;11;114
SCCACUI02S - Juízo Substituto da 2ª Unidade de Apoio Itinerante em Caçador;0;3;6;0;7;107
Total 19 - VIDEIRA - CAÇADOR 12/2017 e-ProcV2;0;14;29;0;43;465
Total 12/2017 e-ProcV2;4875;4929;4195;1499;4847;52645
01/2018
00 - FLORIANÓPOLIS
SCFLP02F - Juízo Federal da 2ª VF de Florianópolis;8;3;1;23;70;218
SCFLP02S - Juízo Substituto da 2ª VF de Florianópolis;18;11;8;56;55;219
SCFLP03F - Juízo Federal da 3ª VF de Florianópolis;14;19;16;58;41;234
SCFLP03S - Juízo Substituto da 3ª VF de Florianópolis;13;28;3;43;32;209
SCFLP04F - Juízo Federal da 4ª VF de Florianópolis;12;18;14;25;12;300
SCFLP04S - Juízo Substituto da 4ª VF de Florianópolis;11;14;13;54;43;329
SCFLP08F - Juízo Federal da 8ª VF de Florianópolis;86;151;126;4;126;748
SCFLP08S - Juízo Substituto da 8ª VF de Florianópolis;82;127;125;7;125;724
SCFLPCEMA - CENTRAL DE MANDADOS - FLORIANÓPOLIS;0;0;0;0;0;1
SCFLP05F - Juízo Federal da 5ª VF de Florianópolis;84;78;86;128;196;983
SCFLP05S - Juízo Substituto da 5ª VF de Florianópolis;98;76;76;140;145;970
SCFLPTR01A - Gab. Juiz Federal JULIO GUILHERME BEREZOSKI SCHATTSCHNEIDER (SC-1A);0;0;0;0;0;1
SCFLPCEJUA - JUÍZO A DO CEJUSCON DE FLORIANÓPOLIS;0;0;0;1;0;346
Total 00 - FLORIANÓPOLIS 01/2018 e-ProcV2;426;525;468;539;845;5282
01 - JOINVILLE
SCJOI04F - Juízo Federal da 4ª VF de Joinville;172;257;185;35;177;2029
SCJOI04S - Juízo Substituto da 4ª VF de Joinville;150;268;174;35;193;2132
SCJOI03F - Juízo Federal da 3ª VF de Joinville;171;210;132;41;10;1343
SCJOI03S - Juízo Substituto da 3ª VF de Joinville;168;203;108;63;26;1434
SCJOI06F - Juízo Federal da 6ª VF de Joinville;0;0;0;0;0;1
Total 01 - JOINVILLE 01/2018 e-ProcV2;661;938;599;174;406;6939
02 - CHAPECÓ
SCCHA01F - Juízo Federal da 1ª VF de Chapecó;2;16;11;20;4;119
SCCHA01S - Juízo Substituto da 1ª VF de Chapecó;5;15;5;22;9;119
SCCHA02F - Juízo Federal da 2ª VF de Chapecó;4;13;4;18;19;140
SCCHA02S - Juízo Substituto da 2ª VF de Chapecó;4;14;9;12;9;128
SCCHA03F - Juízo Federal da 3ª VF de Chapecó;154;168;136;12;62;1094
SCCHA03S - Juízo Substituto da 3ª VF de Chapecó;148;152;149;16;50;1089
SCCHACEMA - CENTRAL DE MANDADOS - CHAPECÓ;3;21;0;0;0;1
SCCHACEJUA - JUÍZO A DO CEJUSCON DE CHAPECÓ;0;0;55;0;0;56
Total 02 - CHAPECÓ 01/2018 e-ProcV2;320;399;369;100;153;2746
03 - JOAÇABA
SCJOA01F - Juízo Federal da 1ª VF de Joaçaba;95;153;21;132;34;1028
SCJOA01S - Juízo Substituto da 1ª VF de Joaçaba;77;161;26;139;35;1033
Total 03 - JOAÇABA 01/2018 e-ProcV2;172;314;47;271;69;2061
04 - CRICIÚMA
SCCRI02F - Juízo Federal da 2ª VF de Criciúma;85;125;30;1;96;685
SCCRI02S - Juízo Substituto da 2ª VF de Criciúma;78;119;55;1;62;723
SCCRI03F - Juízo Federal da 3ª VF de Criciúma;81;79;94;12;77;741
SCCRI03S - Juízo Substituto da 3ª VF de Criciúma;78;67;71;4;83;746
SCCRICEMA - CENTRAL DE MANDADOS - CRICIÚMA;5;4;0;0;0;3
SCCRI04F - Juízo Federal da 4ª VF de Criciúma;23;13;38;15;16;372
SCCRI04S - Juízo Substituto da 4ª VF de Criciúma;20;14;31;20;10;362
SCCRICEJUA - JUÍZO A DO CEJUSCON DE CRICIÚMA;0;0;0;0;0;1
Total 04 - CRICIÚMA 01/2018 e-ProcV2;370;421;319;53;344;3633
05 - BLUMENAU
SCBLU01F - Juízo Federal da 1ª VF de Blumenau;9;17;20;46;34;309
SCBLU01S - Juízo Substituto da 1ª VF de Blumenau;19;11;0;97;44;365
SCBLU03F - Juízo Federal da 3ª VF de Blumenau;84;102;81;6;92;1022
SCBLU03S - Juízo Substituto da 3ª VF de Blumenau;86;127;72;16;134;1089
SCBLU02F - Juízo Federal da 2ª VF de Blumenau;21;42;10;58;57;396
SCBLU02S - Juízo Substituto da 2ª VF de Blumenau;22;35;17;53;38;360
SCBLU04F - Juízo Federal da 4ª VF de Blumenau;91;110;98;8;30;953
SCBLU04S - Juízo Substituto da 4ª VF de Blumenau;91;86;87;7;23;1031
Total 05 - BLUMENAU 01/2018 e-ProcV2;423;530;385;291;452;5525
06 - LAGES
SCLAG01F - Juízo Federal da 1ª VF de Lages;2;10;2;6;9;82
SCLAG01S - Juízo Substituto da 1ª VF de Lages;3;9;5;3;7;84
SCLAG02F - Juízo Federal da 2ª VF de Lages;171;167;97;56;205;1925
SCLAG02S - Juízo Substituto da 2ª VF de Lages;174;154;82;54;210;1954
SCLAGCEMA - CENTRAL DE MANDADOS - LAGES;16;22;0;0;0;26
SCLAGCEJUA - JUÍZO A DO CEJUSCON DE LAGES;0;0;0;0;0;235
Total 06 - LAGES 01/2018 e-ProcV2;366;362;186;119;431;4306
07 - TUBARÃO
SCTUB02F - Juízo Federal da 2ª VF de Tubarão;123;219;88;1;159;1326
SCTUB02S - Juízo Substituto da 2ª VF de Tubarão;122;219;114;10;155;1402
Total 07 - TUBARÃO 01/2018 e-ProcV2;245;438;202;11;314;2728
08 - ITAJAÍ
SCITA02F - Juízo Federal da 2ª VF de Itajaí;15;4;6;5;19;176
SCITA02S - Juízo Substituto da 2ª VF de Itajaí;12;9;6;10;22;188
SCITA03F - Juízo Federal da 3ª VF de Itajaí;12;7;4;1;14;141
SCITA03S - Juízo Substituto da 3ª VF de Itajaí;9;2;18;4;16;140
SCITACEMA - CENTRAL DE MANDADOS - ITAJAÍ;3;0;0;0;0;3
SCITA04F - Juízo Federal da 4ª VF de Itajaí;197;348;282;13;52;2084
SCITA04S - Juízo Substituto da 4ª VF de Itajaí;200;333;294;16;50;2067
Total 08 - ITAJAÍ 01/2018 e-ProcV2;448;703;610;49;173;4799
09 - JARAGUÁ DO SUL
SCJAR01F - Juízo Federal da 1ª VF de Jaraguá do Sul;7;18;10;11;21;226
SCJAR01S - Juízo Substituto da 1ª VF de Jaraguá do Sul;4;21;16;5;17;230
SCJAR02F - Juízo Federal da 2ª VF de Jaraguá do Sul;94;144;103;0;50;1019
SCJAR02S - Juízo Substituto da 2ª VF de Jaraguá do Sul;95;114;137;0;114;1126
SCJARCEMA - CENTRAL DE MANDADOS - JARAGUÁ DO SUL;1;1;0;0;0;1
Total 09 - JARAGUÁ DO SUL 01/2018 e-ProcV2;201;298;266;16;202;2602
10 - SÃO MIGUEL DO OESTE
SCSMO01F - Juízo Federal da 1ª VF de São Miguel do Oeste;59;118;39;6;80;939
SCSMO01S - Juízo Substituto da 1ª VF de São Miguel do Oeste;46;121;107;9;63;945
Total 10 - SÃO MIGUEL DO OESTE 01/2018 e-ProcV2;105;239;146;15;143;1884
11 - CAÇADOR
SCCAC01F - Juízo Federal da 1ª VF de Caçador;130;105;27;21;203;1081
SCCAC01S - Juízo Substituto da 1ª VF de Caçador;147;90;54;27;212;1099
Total 11 - CAÇADOR 01/2018 e-ProcV2;277;195;81;48;415;2180
12 - CONCÓRDIA
SCCON01F - Juízo Federal da 1ª VF de Concórdia;50;80;15;4;90;405
SCCON01S - Juízo Substituto da 1ª VF de Concórdia;68;86;17;3;76;414
Total 12 - CONCÓRDIA 01/2018 e-ProcV2;118;166;32;7;166;819
13 - RIO DO SUL
SCRSL01F - Juízo Federal da 1ª VF de Rio do Sul;57;91;30;16;164;583
SCRSL01S - Juízo Substituto da 1ª VF de Rio do Sul;64;107;27;9;195;630
SCRSLUI02F - Juízo Federal da 2ª Unidade de Apoio Itinerante em Rio do Sul;0;6;19;2;11;213
SCRSLUI02S - Juízo Substituto da 2ª Unidade de Apoio Itinerante em Rio do Sul;0;5;16;0;6;217
SCRSLUI01F - Juízo Federal da 1ª Unidade de Apoio Itinerante em Rio do Sul;0;8;10;0;37;207
SCRSLUI01S - Juízo Substituto da 1ª Unidade de Apoio Itinerante em Rio do Sul;0;9;6;2;31;209
Total 13 - RIO DO SUL 01/2018 e-ProcV2;121;226;108;29;444;2059
14 - MAFRA
SCMFA01F - Juízo Federal da 1ª VF de Mafra;33;32;46;24;25;435
SCMFA01S - Juízo Substituto da 1ª VF de Mafra;30;37;24;47;70;427
Total 14 - MAFRA 01/2018 e-ProcV2;63;69;70;71;95;862
15 - BRUSQUE
SCBQE01F - Juízo Federal da 1ª VF de Brusque;72;25;65;47;2;617
SCBQE01S - Juízo Substituto da 1ª VF de Brusque;63;32;76;37;2;588
Total 15 - BRUSQUE 01/2018 e-ProcV2;135;57;141;84;4;1205
16 - LAGUNA
SCLGA01F - Juízo Federal da 1ª VF de Laguna;81;42;58;39;52;857
SCLGA01S - Juízo Substituto da 1ª VF de Laguna;74;37;51;27;44;781
Total 16 - LAGUNA 01/2018 e-ProcV2;155;79;109;66;96;1638
19 - VIDEIRA - CAÇADOR
SCCACUI01F - Juízo Federal da 1ª Unidade de Apoio Itinerante em Caçador;0;8;0;0;17;134
SCCACUI01S - Juízo Substituto da 1ª Unidade de Apoio Itinerante em Caçador;0;6;6;0;11;131
SCCACUI02F - Juízo Federal da 2ª Unidade de Apoio Itinerante em Caçador;0;4;6;0;9;132
SCCACUI02S - Juízo Substituto da 2ª Unidade de Apoio Itinerante em Caçador;0;4;5;0;10;121
Total 19 - VIDEIRA - CAÇADOR 01/2018 e-ProcV2;0;22;17;0;47;518
Total 01/2018 e-ProcV2;4606;5981;4155;1943;4799;51786
02/2018
00 - FLORIANÓPOLIS
SCFLP02F - Juízo Federal da 2ª VF de Florianópolis;14;23;35;20;51;221
SCFLP02S - Juízo Substituto da 2ª VF de Florianópolis;6;23;3;62;67;223
SCFLP03F - Juízo Federal da 3ª VF de Florianópolis;16;15;22;83;26;237
SCFLP03S - Juízo Substituto da 3ª VF de Florianópolis;6;9;17;45;27;205
SCFLP04F - Juízo Federal da 4ª VF de Florianópolis;13;25;11;35;18;300
SCFLP04S - Juízo Substituto da 4ª VF de Florianópolis;17;24;32;38;28;325
SCFLP08F - Juízo Federal da 8ª VF de Florianópolis;92;176;139;1;83;681
SCFLP08S - Juízo Substituto da 8ª VF de Florianópolis;83;122;131;0;93;677
SCFLPCEMA - CENTRAL DE MANDADOS - FLORIANÓPOLIS;0;0;0;0;0;1
SCFLP05F - Juízo Federal da 5ª VF de Florianópolis;91;121;128;119;174;932
SCFLP05S - Juízo Substituto da 5ª VF de Florianópolis;79;130;121;93;118;881
SCFLPTR01A - Gab. Juiz Federal JULIO GUILHERME BEREZOSKI SCHATTSCHNEIDER (SC-1A);0;0;0;0;0;1
SCFLPCEJUA - JUÍZO A DO CEJUSCON DE FLORIANÓPOLIS;0;0;0;1;0;373
Total 00 - FLORIANÓPOLIS 02/2018 e-ProcV2;417;668;639;497;685;5057
01 - JOINVILLE
SCJOI04F - Juízo Federal da 4ª VF de Joinville;176;140;88;33;204;2009
SCJOI04S - Juízo Substituto da 4ª VF de Joinville;161;171;150;77;173;2125
SCJOI03F - Juízo Federal da 3ª VF de Joinville;179;216;162;12;24;1306
SCJOI03S - Juízo Substituto da 3ª VF de Joinville;175;210;205;16;20;1380
SCJOICEMA - CENTRAL DE MANDADOS - JOINVILLE;1;1;0;0;0;0
SCJOI06F - Juízo Federal da 6ª VF de Joinville;0;0;0;0;0;1
Total 01 - JOINVILLE 02/2018 e-ProcV2;692;738;605;138;421;6821
02 - CHAPECÓ
SCCHA01F - Juízo Federal da 1ª VF de Chapecó;3;6;7;7;1;118
SCCHA01S - Juízo Substituto da 1ª VF de Chapecó;5;3;2;10;9;124
SCCHA02F - Juízo Federal da 2ª VF de Chapecó;7;19;6;25;16;142
SCCHA02S - Juízo Substituto da 2ª VF de Chapecó;5;10;4;12;9;123
SCCHA03F - Juízo Federal da 3ª VF de Chapecó;176;251;149;19;58;995
SCCHA03S - Juízo Substituto da 3ª VF de Chapecó;177;240;139;11;60;1029
SCCHACEMA - CENTRAL DE MANDADOS - CHAPECÓ;10;4;0;0;0;7
SCCHACEJUA - JUÍZO A DO CEJUSCON DE CHAPECÓ;0;0;35;0;0;70
Total 02 - CHAPECÓ 02/2018 e-ProcV2;383;533;342;84;153;2608
03 - JOAÇABA
SCJOA01F - Juízo Federal da 1ª VF de Joaçaba;100;87;100;67;49;1040
SCJOA01S - Juízo Substituto da 1ª VF de Joaçaba;104;98;63;77;81;1044
Total 03 - JOAÇABA 02/2018 e-ProcV2;204;185;163;144;130;2084
04 - CRICIÚMA
SCCRI02F - Juízo Federal da 2ª VF de Criciúma;87;117;124;1;105;695
SCCRI02S - Juízo Substituto da 2ª VF de Criciúma;89;109;92;5;113;711
SCCRI03F - Juízo Federal da 3ª VF de Criciúma;98;140;99;7;76;708
SCCRI03S - Juízo Substituto da 3ª VF de Criciúma;96;157;101;3;75;700
SCCRICEMA - CENTRAL DE MANDADOS - CRICIÚMA;5;0;0;0;0;8
SCCRI04F - Juízo Federal da 4ª VF de Criciúma;20;9;32;25;0;384
SCCRI04S - Juízo Substituto da 4ª VF de Criciúma;25;14;15;28;3;387
SCCRICEJUA - JUÍZO A DO CEJUSCON DE CRICIÚMA;0;0;0;0;0;1
Total 04 - CRICIÚMA 02/2018 e-ProcV2;420;546;463;69;372;3594
05 - BLUMENAU
SCBLU01F - Juízo Federal da 1ª VF de Blumenau;35;40;29;51;35;320
SCBLU01S - Juízo Substituto da 1ª VF de Blumenau;34;33;36;59;23;386
SCBLU03F - Juízo Federal da 3ª VF de Blumenau;125;153;169;7;63;1016
SCBLU03S - Juízo Substituto da 3ª VF de Blumenau;120;151;115;7;123;1072
SCBLU02F - Juízo Federal da 2ª VF de Blumenau;25;45;6;58;75;410
SCBLU02S - Juízo Substituto da 2ª VF de Blumenau;29;41;14;58;45;388
SCBLU04F - Juízo Federal da 4ª VF de Blumenau;128;205;108;1;40;904
SCBLU04S - Juízo Substituto da 4ª VF de Blumenau;125;240;102;1;45;945
SCBLUCEJUA - JUÍZO A DO CEJUSCON DE BLUMENAU;1;0;0;0;0;1
Total 05 - BLUMENAU 02/2018 e-ProcV2;622;908;579;242;449;5442
06 - LAGES
SCLAG01F - Juízo Federal da 1ª VF de Lages;2;16;8;4;3;72
SCLAG01S - Juízo Substituto da 1ª VF de Lages;1;20;3;3;9;70
SCLAG02F - Juízo Federal da 2ª VF de Lages;196;138;184;57;209;2030
SCLAG02S - Juízo Substituto da 2ª VF de Lages;189;154;201;66;193;2032
SCLAGCEMA - CENTRAL DE MANDADOS - LAGES;29;36;0;0;0;19
SCLAGCEJUA - JUÍZO A DO CEJUSCON DE LAGES;0;0;0;0;0;227
Total 06 - LAGES 02/2018 e-ProcV2;417;364;396;130;414;4450
07 - TUBARÃO
SCTUB02F - Juízo Federal da 2ª VF de Tubarão;153;109;210;5;138;1373
SCTUB02S - Juízo Substituto da 2ª VF de Tubarão;156;135;192;7;138;1428
Total 07 - TUBARÃO 02/2018 e-ProcV2;309;244;402;12;276;2801
08 - ITAJAÍ
SCITA02F - Juízo Federal da 2ª VF de Itajaí;18;12;7;15;20;196
SCITA02S - Juízo Substituto da 2ª VF de Itajaí;13;16;14;21;20;197
SCITA03F - Juízo Federal da 3ª VF de Itajaí;17;20;23;4;7;144
SCITA03S - Juízo Substituto da 3ª VF de Itajaí;13;7;14;6;15;148
SCITACEMA - CENTRAL DE MANDADOS - ITAJAÍ;5;0;0;0;0;8
SCITA04F - Juízo Federal da 4ª VF de Itajaí;246;323;192;91;190;1999
SCITA04S - Juízo Substituto da 4ª VF de Itajaí;250;351;232;29;107;1976
Total 08 - ITAJAÍ 02/2018 e-ProcV2;562;729;482;166;359;4668
09 - JARAGUÁ DO SUL
SCJAR01F - Juízo Federal da 1ª VF de Jaraguá do Sul;12;21;14;7;17;245
SCJAR01S - Juízo Substituto da 1ª VF de Jaraguá do Sul;9;23;11;11;31;232
SCJAR02F - Juízo Federal da 2ª VF de Jaraguá do Sul;145;71;188;1;42;1086
SCJAR02S - Juízo Substituto da 2ª VF de Jaraguá do Sul;140;111;224;0;78;1152
SCJARCEMA - CENTRAL DE MANDADOS - JARAGUÁ DO SUL;1;1;0;0;0;1
Total 09 - JARAGUÁ DO SUL 02/2018 e-ProcV2;307;227;437;19;168;2716
10 - SÃO MIGUEL DO OESTE
SCSMO01F - Juízo Federal da 1ª VF de São Miguel do Oeste;96;63;54;13;93;962
SCSMO01S - Juízo Substituto da 1ª VF de São Miguel do Oeste;95;81;49;13;82;939
Total 10 - SÃO MIGUEL DO OESTE 02/2018 e-ProcV2;191;144;103;26;175;1901
11 - CAÇADOR
SCCAC01F - Juízo Federal da 1ª VF de Caçador;115;98;50;26;199;1070
SCCAC01S - Juízo Substituto da 1ª VF de Caçador;109;103;31;29;222;1065
Total 11 - CAÇADOR 02/2018 e-ProcV2;224;201;81;55;421;2135
12 - CONCÓRDIA
SCCON01F - Juízo Federal da 1ª VF de Concórdia;59;70;57;9;71;424
SCCON01S - Juízo Substituto da 1ª VF de Concórdia;52;77;50;12;66;414
Total 12 - CONCÓRDIA 02/2018 e-ProcV2;111;147;107;21;137;838
13 - RIO DO SUL
SCRSL01F - Juízo Federal da 1ª VF de Rio do Sul;106;105;39;13;158;499
SCRSL01S - Juízo Substituto da 1ª VF de Rio do Sul;102;118;41;9;179;534
SCRSLUI02F - Juízo Federal da 2ª Unidade de Apoio Itinerante em Rio do Sul;0;12;27;2;10;229
SCRSLUI02S - Juízo Substituto da 2ª Unidade de Apoio Itinerante em Rio do Sul;0;19;22;1;10;226
SCRSLUI01F - Juízo Federal da 1ª Unidade de Apoio Itinerante em Rio do Sul;0;10;53;0;13;246
SCRSLUI01S - Juízo Substituto da 1ª Unidade de Apoio Itinerante em Rio do Sul;0;8;34;0;32;248
Total 13 - RIO DO SUL 02/2018 e-ProcV2;208;272;216;25;402;1982
14 - MAFRA
SCMFA01F - Juízo Federal da 1ª VF de Mafra;45;54;28;29;53;410
SCMFA01S - Juízo Substituto da 1ª VF de Mafra;42;54;42;22;99;413
Total 14 - MAFRA 02/2018 e-ProcV2;87;108;70;51;152;823
15 - BRUSQUE
SCBQE01F - Juízo Federal da 1ª VF de Brusque;91;140;86;46;14;577
SCBQE01S - Juízo Substituto da 1ª VF de Brusque;82;128;83;38;5;526
Total 15 - BRUSQUE 02/2018 e-ProcV2;173;268;169;84;19;1103
16 - LAGUNA
SCLGA01F - Juízo Federal da 1ª VF de Laguna;63;119;135;24;55;810
SCLGA01S - Juízo Substituto da 1ª VF de Laguna;70;82;124;21;45;772
Total 16 - LAGUNA 02/2018 e-ProcV2;133;201;259;45;100;1582
19 - VIDEIRA - CAÇADOR
SCCACUI01F - Juízo Federal da 1ª Unidade de Apoio Itinerante em Caçador;0;9;17;0;26;147
SCCACUI01S - Juízo Substituto da 1ª Unidade de Apoio Itinerante em Caçador;0;9;11;0;19;139
SCCACUI02F - Juízo Federal da 2ª Unidade de Apoio Itinerante em Caçador;0;7;17;11;5;142
SCCACUI02S - Juízo Substituto da 2ª Unidade de Apoio Itinerante em Caçador;0;12;15;0;7;127
Total 19 - VIDEIRA - CAÇADOR 02/2018 e-ProcV2;0;37;60;11;57;555
Total 02/2018 e-ProcV2;5460;6520;5573;1819;4890;51160
03/2018
00 - FLORIANÓPOLIS
SCFLP02F - Juízo Federal da 2ª VF de Florianópolis;22;16;11;21;55;271
SCFLP02S - Juízo Substituto da 2ª VF de Florianópolis;24;17;13;55;53;271
SCFLP03F - Juízo Federal da 3ª VF de Florianópolis;10;34;13;80;20;261
SCFLP03S - Juízo Substituto da 3ª VF de Florianópolis;19;22;8;40;23;272
SCFLP04F - Juízo Federal da 4ª VF de Florianópolis;19;18;13;26;32;346
SCFLP04S - Juízo Substituto da 4ª VF de Florianópolis;19;19;8;34;37;357
SCFLP08F - Juízo Federal da 8ª VF de Florianópolis;118;150;118;15;70;660
SCFLP08S - Juízo Substituto da 8ª VF de Florianópolis;125;155;123;11;61;686
SCFLPCEMA - CENTRAL DE MANDADOS - FLORIANÓPOLIS;1;0;0;0;0;2
SCFLP05F - Juízo Federal da 5ª VF de Florianópolis;126;143;88;112;167;892
SCFLP05S - Juízo Substituto da 5ª VF de Florianópolis;116;151;101;98;113;837
SCFLPTR01A - Gab. Juiz Federal JULIO GUILHERME BEREZOSKI SCHATTSCHNEIDER (SC-1A);0;1;0;0;0;0
SCFLPTR01B - Gab. Juiz Federal EDVALDO MENDES DA SILVA (SC-1B);1;0;0;1;0;1
SCFLPCEJUA - JUÍZO A DO CEJUSCON DE FLORIANÓPOLIS;1;0;0;0;0;509
Total 00 - FLORIANÓPOLIS 03/2018 e-ProcV2;601;726;496;493;631;5365
01 - JOINVILLE
SCJOI04F - Juízo Federal da 4ª VF de Joinville;220;172;166;56;213;2196
SCJOI04S - Juízo Substituto da 4ª VF de Joinville;205;197;208;77;111;2289
SCJOI03F - Juízo Federal da 3ª VF de Joinville;222;191;168;59;26;1487
SCJOI03S - Juízo Substituto da 3ª VF de Joinville;222;220;145;44;31;1526
SCJOICEMA - CENTRAL DE MANDADOS - JOINVILLE;1;0;0;0;0;1
SCJOI06F - Juízo Federal da 6ª VF de Joinville;0;0;0;0;0;1
SCJOI06S - Juízo Substituto da 6ª VF de Joinville;0;1;0;1;0;1
Total 01 - JOINVILLE 03/2018 e-ProcV2;870;781;687;237;381;7501
02 - CHAPECÓ
SCCHA01F - Juízo Federal da 1ª VF de Chapecó;2;12;3;11;9;113
SCCHA01S - Juízo Substituto da 1ª VF de Chapecó;8;18;2;10;16;121
SCCHA02F - Juízo Federal da 2ª VF de Chapecó;8;22;7;24;20;149
SCCHA02S - Juízo Substituto da 2ª VF de Chapecó;10;15;9;21;5;129
SCCHA03F - Juízo Federal da 3ª VF de Chapecó;209;168;146;6;98;1049
SCCHA03S - Juízo Substituto da 3ª VF de Chapecó;210;160;159;9;92;1057
SCCHACEMA - CENTRAL DE MANDADOS - CHAPECÓ;31;25;0;0;0;13
SCCHACEJUA - JUÍZO A DO CEJUSCON DE CHAPECÓ;0;0;65;0;0;115
Total 02 - CHAPECÓ 03/2018 e-ProcV2;478;420;391;81;240;2746
03 - JOAÇABA
SCJOA01F - Juízo Federal da 1ª VF de Joaçaba;106;82;84;64;42;1093
SCJOA01S - Juízo Substituto da 1ª VF de Joaçaba;115;78;124;82;72;1110
Total 03 - JOAÇABA 03/2018 e-ProcV2;221;160;208;146;114;2203
04 - CRICIÚMA
SCCRI02F - Juízo Federal da 2ª VF de Criciúma;123;100;134;1;103;737
SCCRI02S - Juízo Substituto da 2ª VF de Criciúma;126;114;138;6;110;736
SCCRI03F - Juízo Federal da 3ª VF de Criciúma;146;134;138;8;54;753
SCCRI03S - Juízo Substituto da 3ª VF de Criciúma;149;123;124;4;73;749
SCCRICEMA - CENTRAL DE MANDADOS - CRICIÚMA;6;13;0;0;0;1
SCCRI04F - Juízo Federal da 4ª VF de Criciúma;35;25;7;36;25;447
SCCRI04S - Juízo Substituto da 4ª VF de Criciúma;33;22;10;34;25;467
Total 04 - CRICIÚMA 03/2018 e-ProcV2;618;531;551;89;390;3890
05 - BLUMENAU
SCBLU01F - Juízo Federal da 1ª VF de Blumenau;28;56;16;53;42;335
SCBLU01S - Juízo Substituto da 1ª VF de Blumenau;36;34;29;84;14;414
SCBLU03F - Juízo Federal da 3ª VF de Blumenau;151;174;117;0;76;1094
SCBLU03S - Juízo Substituto da 3ª VF de Blumenau;157;147;124;5;114;1178
SCBLU02F - Juízo Federal da 2ª VF de Blumenau;31;28;42;54;50;449
SCBLU02S - Juízo Substituto da 2ª VF de Blumenau;33;30;21;50;56;440
SCBLU04F - Juízo Federal da 4ª VF de Blumenau;158;133;148;1;24;981
SCBLU04S - Juízo Substituto da 4ª VF de Blumenau;157;146;125;0;23;992
SCBLUCEJUA - JUÍZO A DO CEJUSCON DE BLUMENAU;0;1;0;0;0;0
Total 05 - BLUMENAU 03/2018 e-ProcV2;751;749;622;247;399;5883
06 - LAGES
SCLAG01F - Juízo Federal da 1ª VF de Lages;6;8;3;2;2;91
SCLAG01S - Juízo Substituto da 1ª VF de Lages;1;8;2;2;7;80
SCLAG02F - Juízo Federal da 2ª VF de Lages;227;240;268;30;198;2077
SCLAG02S - Juízo Substituto da 2ª VF de Lages;230;237;262;45;202;2098
SCLAGCEMA - CENTRAL DE MANDADOS - LAGES;61;28;0;0;0;52
SCLAGCEJUA - JUÍZO A DO CEJUSCON DE LAGES;0;0;0;0;0;132
Total 06 - LAGES 03/2018 e-ProcV2;525;521;535;79;409;4530
07 - TUBARÃO
SCTUB02F - Juízo Federal da 2ª VF de Tubarão;274;172;168;11;117;1539
SCTUB02S - Juízo Substituto da 2ª VF de Tubarão;280;202;165;12;126;1595
Total 07 - TUBARÃO 03/2018 e-ProcV2;554;374;333;23;243;3134
08 - ITAJAÍ
SCITA02F - Juízo Federal da 2ª VF de Itajaí;24;8;19;10;19;230
SCITA02S - Juízo Substituto da 2ª VF de Itajaí;28;18;13;7;30;217
SCITA03F - Juízo Federal da 3ª VF de Itajaí;25;18;17;2;4;166
SCITA03S - Juízo Substituto da 3ª VF de Itajaí;14;15;11;6;20;171
SCITACEMA - CENTRAL DE MANDADOS - ITAJAÍ;0;1;0;0;0;7
SCITA04F - Juízo Federal da 4ª VF de Itajaí;303;254;432;39;77;2099
SCITA04S - Juízo Substituto da 4ª VF de Itajaí;305;247;328;39;106;2068
Total 08 - ITAJAÍ 03/2018 e-ProcV2;699;561;820;103;256;4958
09 - JARAGUÁ DO SUL
SCJAR01F - Juízo Federal da 1ª VF de Jaraguá do Sul;12;20;12;19;14;258
SCJAR01S - Juízo Substituto da 1ª VF de Jaraguá do Sul;14;17;22;20;25;248
SCJAR02F - Juízo Federal da 2ª VF de Jaraguá do Sul;157;231;207;0;45;980
SCJAR02S - Juízo Substituto da 2ª VF de Jaraguá do Sul;155;232;163;0;62;1037
SCJARCEMA - CENTRAL DE MANDADOS - JARAGUÁ DO SUL;0;1;0;0;0;0
Total 09 - JARAGUÁ DO SUL 03/2018 e-ProcV2;338;501;404;39;146;2523
10 - SÃO MIGUEL DO OESTE
SCSMO01F - Juízo Federal da 1ª VF de São Miguel do Oeste;107;83;90;15;87;1011
SCSMO01S - Juízo Substituto da 1ª VF de São Miguel do Oeste;107;74;97;13;71;989
Total 10 - SÃO MIGUEL DO OESTE 03/2018 e-ProcV2;214;157;187;28;158;2000
11 - CAÇADOR
SCCAC01F - Juízo Federal da 1ª VF de Caçador;125;73;49;24;243;1138
SCCAC01S - Juízo Substituto da 1ª VF de Caçador;119;58;75;21;243;1118
Total 11 - CAÇADOR 03/2018 e-ProcV2;244;131;124;45;486;2256
12 - CONCÓRDIA
SCCON01F - Juízo Federal da 1ª VF de Concórdia;66;76;64;2;54;434
SCCON01S - Juízo Substituto da 1ª VF de Concórdia;52;55;59;4;61;451
Total 12 - CONCÓRDIA 03/2018 e-ProcV2;118;131;123;6;115;885
13 - RIO DO SUL
SCRSL01F - Juízo Federal da 1ª VF de Rio do Sul;90;65;50;17;137;492
SCRSL01S - Juízo Substituto da 1ª VF de Rio do Sul;83;63;38;2;166;528
SCRSLUI02F - Juízo Federal da 2ª Unidade de Apoio Itinerante em Rio do Sul;0;12;36;0;2;247
SCRSLUI02S - Juízo Substituto da 2ª Unidade de Apoio Itinerante em Rio do Sul;0;19;35;0;4;239
SCRSLUI01F - Juízo Federal da 1ª Unidade de Apoio Itinerante em Rio do Sul;0;14;30;0;19;266
SCRSLUI01S - Juízo Substituto da 1ª Unidade de Apoio Itinerante em Rio do Sul;0;16;23;0;34;260
Total 13 - RIO DO SUL 03/2018 e-ProcV2;173;189;212;19;362;2032
14 - MAFRA
SCMFA01F - Juízo Federal da 1ª VF de Mafra;44;44;53;18;47;472
SCMFA01S - Juízo Substituto da 1ª VF de Mafra;47;42;57;13;78;473
Total 14 - MAFRA 03/2018 e-ProcV2;91;86;110;31;125;945
15 - BRUSQUE
SCBQE01F - Juízo Federal da 1ª VF de Brusque;87;85;115;11;3;614
SCBQE01S - Juízo Substituto da 1ª VF de Brusque;92;83;77;8;16;567
Total 15 - BRUSQUE 03/2018 e-ProcV2;179;168;192;19;19;1181
16 - LAGUNA
SCLGA01F - Juízo Federal da 1ª VF de Laguna;101;141;129;3;19;790
SCLGA01S - Juízo Substituto da 1ª VF de Laguna;105;143;117;3;13;752
Total 16 - LAGUNA 03/2018 e-ProcV2;206;284;246;6;32;1542
19 - VIDEIRA - CAÇADOR
SCCACUI01F - Juízo Federal da 1ª Unidade de Apoio Itinerante em Caçador;0;8;22;1;28;166
SCCACUI01S - Juízo Substituto da 1ª Unidade de Apoio Itinerante em Caçador;0;5;22;1;21;160
SCCACUI02F - Juízo Federal da 2ª Unidade de Apoio Itinerante em Caçador;0;7;20;1;6;165
SCCACUI02S - Juízo Substituto da 2ª Unidade de Apoio Itinerante em Caçador;0;13;11;1;13;144
Total 19 - VIDEIRA - CAÇADOR 03/2018 e-ProcV2;0;33;75;4;68;635
Total 03/2018 e-ProcV2;6880;6503;6316;1695;4574;54209
04/2018
00 - FLORIANÓPOLIS
SCFLP02F - Juízo Federal da 2ª VF de Florianópolis;10;28;26;29;39;265
SCFLP02S - Juízo Substituto da 2ª VF de Florianópolis;13;24;15;54;85;266
SCFLP03F - Juízo Federal da 3ª VF de Florianópolis;13;19;26;57;23;265
SCFLP03S - Juízo Substituto da 3ª VF de Florianópolis;11;31;30;48;25;260
SCFLP04F - Juízo Federal da 4ª VF de Florianópolis;15;19;31;26;21;338
SCFLP04S - Juízo Substituto da 4ª VF de Florianópolis;11;15;27;36;26;339
SCFLP08F - Juízo Federal da 8ª VF de Florianópolis;128;119;120;2;57;607
SCFLP08S - Juízo Substituto da 8ª VF de Florianópolis;115;131;121;0;52;626
SCFLPCEMA - CENTRAL DE MANDADOS - FLORIANÓPOLIS;0;1;0;0;0;1
SCFLP05F - Juízo Federal da 5ª VF de Florianópolis;117;98;117;148;186;923
SCFLP05S - Juízo Substituto da 5ª VF de Florianópolis;125;86;76;155;132;880
SCFLPTR01B - Gab. Juiz Federal EDVALDO MENDES DA SILVA (SC-1B);0;0;0;0;0;1
SCFLPTR02A - Gab. Juiz Federal JAIRO GILBERTO SCHAFER (SC-2A);1;0;0;0;0;0
SCFLPTRPR2 - Gabinete de Admissibilidade de Santa Catarina - Juízo Previdenciário;0;0;0;0;0;1
SCFLPCEJUA - JUÍZO A DO CEJUSCON DE FLORIANÓPOLIS;0;1;0;0;0;633
Total 00 - FLORIANÓPOLIS 04/2018 e-ProcV2;559;572;589;555;646;5405
01 - JOINVILLE
SCJOI04F - Juízo Federal da 4ª VF de Joinville;202;247;181;53;191;2194
SCJOI04S - Juízo Substituto da 4ª VF de Joinville;191;235;135;100;179;2294
SCJOI03F - Juízo Federal da 3ª VF de Joinville;202;289;196;27;11;1409
SCJOI03S - Juízo Substituto da 3ª VF de Joinville;202;266;211;39;21;1481
SCJOICEMA - CENTRAL DE MANDADOS - JOINVILLE;1;1;0;0;0;1
SCJOI06S - Juízo Substituto da 6ª VF de Joinville;0;0;0;1;0;1
Total 01 - JOINVILLE 04/2018 e-ProcV2;798;1038;723;220;402;7380
02 - CHAPECÓ
SCCHA01F - Juízo Federal da 1ª VF de Chapecó;6;7;8;19;13;106
SCCHA01S - Juízo Substituto da 1ª VF de Chapecó;4;1;8;20;16;116
SCCHA02F - Juízo Federal da 2ª VF de Chapecó;3;5;10;25;29;151
SCCHA02S - Juízo Substituto da 2ª VF de Chapecó;5;8;5;20;10;118
SCCHA03F - Juízo Federal da 3ª VF de Chapecó;211;209;187;21;114;1121
SCCHA03S - Juízo Substituto da 3ª VF de Chapecó;207;201;161;16;129;1153
SCCHACEMA - CENTRAL DE MANDADOS - CHAPECÓ;1;13;0;0;0;1
SCCHACEJUA - JUÍZO A DO CEJUSCON DE CHAPECÓ;0;0;53;6;9;52
Total 02 - CHAPECÓ 04/2018 e-ProcV2;437;444;432;127;320;2818
03 - JOAÇABA
SCJOA01F - Juízo Federal da 1ª VF de Joaçaba;118;129;89;54;67;1076
SCJOA01S - Juízo Substituto da 1ª VF de Joaçaba;122;121;107;64;66;1110
Total 03 - JOAÇABA 04/2018 e-ProcV2;240;250;196;118;133;2186
04 - CRICIÚMA
SCCRI02F - Juízo Federal da 2ª VF de Criciúma;134;54;166;0;67;801
SCCRI02S - Juízo Substituto da 2ª VF de Criciúma;140;68;152;3;83;817
SCCRI03F - Juízo Federal da 3ª VF de Criciúma;142;119;156;0;62;795
SCCRI03S - Juízo Substituto da 3ª VF de Criciúma;155;117;162;3;60;808
SCCRICEMA - CENTRAL DE MANDADOS - CRICIÚMA;0;1;0;0;0;1
SCCRI04F - Juízo Federal da 4ª VF de Criciúma;30;26;32;15;33;438
SCCRI04S - Juízo Substituto da 4ª VF de Criciúma;27;23;23;21;35;463
SCCRICEJUA - JUÍZO A DO CEJUSCON DE CRICIÚMA;1;0;0;0;0;0
Total 04 - CRICIÚMA 04/2018 e-ProcV2;629;408;691;42;340;4123
05 - BLUMENAU
SCBLU01F - Juízo Federal da 1ª VF de Blumenau;15;25;31;56;39;345
SCBLU01S - Juízo Substituto da 1ª VF de Blumenau;20;26;23;61;16;402
SCBLU03F - Juízo Federal da 3ª VF de Blumenau;152;191;162;6;61;1055
SCBLU03S - Juízo Substituto da 3ª VF de Blumenau;153;232;202;3;97;1118
SCBLU02F - Juízo Federal da 2ª VF de Blumenau;27;45;49;96;15;449
SCBLU02S - Juízo Substituto da 2ª VF de Blumenau;17;46;50;95;29;424
SCBLU04F - Juízo Federal da 4ª VF de Blumenau;154;190;105;4;30;969
SCBLU04S - Juízo Substituto da 4ª VF de Blumenau;153;201;132;5;21;984
Total 05 - BLUMENAU 04/2018 e-ProcV2;691;956;754;326;308;5746
06 - LAGES
SCLAG01F - Juízo Federal da 1ª VF de Lages;2;9;14;1;5;80
SCLAG01S - Juízo Substituto da 1ª VF de Lages;4;13;14;3;7;66
SCLAG02F - Juízo Federal da 2ª VF de Lages;221;53;211;162;176;2276
SCLAG02S - Juízo Substituto da 2ª VF de Lages;222;37;193;167;160;2293
SCLAGCEMA - CENTRAL DE MANDADOS - LAGES;45;63;0;0;0;34
SCLAGCEJUA - JUÍZO A DO CEJUSCON DE LAGES;0;0;0;0;0;142
Total 06 - LAGES 04/2018 e-ProcV2;494;175;432;333;348;4891
07 - TUBARÃO
SCTUB02F - Juízo Federal da 2ª VF de Tubarão;272;214;152;16;115;1605
SCTUB02S - Juízo Substituto da 2ª VF de Tubarão;269;208;172;28;154;1678
Total 07 - TUBARÃO 04/2018 e-ProcV2;541;422;324;44;269;3283
08 - ITAJAÍ
SCITA02F - Juízo Federal da 2ª VF de Itajaí;22;14;42;21;25;226
SCITA02S - Juízo Substituto da 2ª VF de Itajaí;15;12;27;10;36;206
SCITA03F - Juízo Federal da 3ª VF de Itajaí;24;13;20;10;12;176
SCITA03S - Juízo Substituto da 3ª VF de Itajaí;19;10;24;10;21;173
SCITACEMA - CENTRAL DE MANDADOS - ITAJAÍ;0;6;0;0;0;1
SCITA04F - Juízo Federal da 4ª VF de Itajaí;322;379;185;64;246;2057
SCITA04S - Juízo Substituto da 4ª VF de Itajaí;325;350;347;37;54;2062
Total 08 - ITAJAÍ 04/2018 e-ProcV2;727;784;645;152;394;4901
09 - JARAGUÁ DO SUL
SCJAR01F - Juízo Federal da 1ª VF de Jaraguá do Sul;12;4;16;24;14;265
SCJAR01S - Juízo Substituto da 1ª VF de Jaraguá do Sul;11;4;23;18;20;255
SCJAR02F - Juízo Federal da 2ª VF de Jaraguá do Sul;186;164;164;0;51;998
SCJAR02S - Juízo Substituto da 2ª VF de Jaraguá do Sul;191;165;198;1;92;1051
Total 09 - JARAGUÁ DO SUL 04/2018 e-ProcV2;400;337;401;43;177;2569
10 - SÃO MIGUEL DO OESTE
SCSMO01F - Juízo Federal da 1ª VF de São Miguel do Oeste;105;152;79;23;127;977
SCSMO01S - Juízo Substituto da 1ª VF de São Miguel do Oeste;109;123;71;12;106;992
Total 10 - SÃO MIGUEL DO OESTE 04/2018 e-ProcV2;214;275;150;35;233;1969
11 - CAÇADOR
SCCAC01F - Juízo Federal da 1ª VF de Caçador;102;72;89;24;233;1154
SCCAC01S - Juízo Substituto da 1ª VF de Caçador;110;65;75;16;261;1143
Total 11 - CAÇADOR 04/2018 e-ProcV2;212;137;164;40;494;2297
12 - CONCÓRDIA
SCCON01F - Juízo Federal da 1ª VF de Concórdia;69;55;66;8;55;449
SCCON01S - Juízo Substituto da 1ª VF de Concórdia;56;59;64;5;66;467
Total 12 - CONCÓRDIA 04/2018 e-ProcV2;125;114;130;13;121;916
13 - RIO DO SUL
SCRSL01F - Juízo Federal da 1ª VF de Rio do Sul;87;81;57;9;101;439
SCRSL01S - Juízo Substituto da 1ª VF de Rio do Sul;78;78;73;9;114;472
SCRSLUI02F - Juízo Federal da 2ª Unidade de Apoio Itinerante em Rio do Sul;0;24;25;0;16;250
SCRSLUI02S - Juízo Substituto da 2ª Unidade de Apoio Itinerante em Rio do Sul;0;19;25;0;13;242
SCRSLUI01F - Juízo Federal da 1ª Unidade de Apoio Itinerante em Rio do Sul;0;17;57;0;17;271
SCRSLUI01S - Juízo Substituto da 1ª Unidade de Apoio Itinerante em Rio do Sul;0;18;65;0;26;273
Total 13 - RIO DO SUL 04/2018 e-ProcV2;165;237;302;18;287;1947
14 - MAFRA
SCMFA01F - Juízo Federal da 1ª VF de Mafra;46;59;54;20;60;474
SCMFA01S - Juízo Substituto da 1ª VF de Mafra;48;48;57;12;68;478
Total 14 - MAFRA 04/2018 e-ProcV2;94;107;111;32;128;952
15 - BRUSQUE
SCBQE01F - Juízo Federal da 1ª VF de Brusque;80;114;116;17;0;559
SCBQE01S - Juízo Substituto da 1ª VF de Brusque;84;123;86;22;20;522
Total 15 - BRUSQUE 04/2018 e-ProcV2;164;237;202;39;20;1081
16 - LAGUNA
SCLGA01F - Juízo Federal da 1ª VF de Laguna;73;98;86;20;28;770
SCLGA01S - Juízo Substituto da 1ª VF de Laguna;68;92;81;34;28;725
Total 16 - LAGUNA 04/2018 e-ProcV2;141;190;167;54;56;1495
19 - VIDEIRA - CAÇADOR
SCCACUI01F - Juízo Federal da 1ª Unidade de Apoio Itinerante em Caçador;0;7;37;0;13;172
SCCACUI01S - Juízo Substituto da 1ª Unidade de Apoio Itinerante em Caçador;0;5;23;0;23;168
SCCACUI02F - Juízo Federal da 2ª Unidade de Apoio Itinerante em Caçador;0;14;33;0;6;165
SCCACUI02S - Juízo Substituto da 2ª Unidade de Apoio Itinerante em Caçador;0;12;33;1;10;149
Total 19 - VIDEIRA - CAÇADOR 04/2018 e-ProcV2;0;38;126;1;52;654
Total 04/2018 e-ProcV2;6631;6721;6539;2192;4728;54613
05/2018
00 - FLORIANÓPOLIS
SCFLP02F - Juízo Federal da 2ª VF de Florianópolis;20;35;12;30;34;248
SCFLP02S - Juízo Substituto da 2ª VF de Florianópolis;16;15;22;10;76;265
SCFLP03F - Juízo Federal da 3ª VF de Florianópolis;14;23;11;51;28;255
SCFLP03S - Juízo Substituto da 3ª VF de Florianópolis;18;43;18;46;20;244
SCFLP04F - Juízo Federal da 4ª VF de Florianópolis;20;34;31;21;16;323
SCFLP04S - Juízo Substituto da 4ª VF de Florianópolis;23;20;35;42;19;347
SCFLP08F - Juízo Federal da 8ª VF de Florianópolis;119;102;91;0;74;665
SCFLP08S - Juízo Substituto da 8ª VF de Florianópolis;124;133;95;0;58;646
SCFLPCEMA - CENTRAL DE MANDADOS - FLORIANÓPOLIS;0;0;0;0;0;1
SCFLP05F - Juízo Federal da 5ª VF de Florianópolis;138;91;150;161;121;938
SCFLP05S - Juízo Substituto da 5ª VF de Florianópolis;130;92;124;159;108;935
SCFLPTR01B - Gab. Juiz Federal EDVALDO MENDES DA SILVA (SC-1B);0;0;0;1;0;1
SCFLPTRPR2 - Gabinete de Admissibilidade de Santa Catarina - Juízo Previdenciário;0;0;0;0;0;1
SCFLPCEJUA - JUÍZO A DO CEJUSCON DE FLORIANÓPOLIS;0;0;0;0;0;558
Total 00 - FLORIANÓPOLIS 05/2018 e-ProcV2;622;588;589;521;554;5427
01 - JOINVILLE
SCJOI04F - Juízo Federal da 4ª VF de Joinville;208;230;224;18;137;2175
SCJOI04S - Juízo Substituto da 4ª VF de Joinville;191;236;225;56;117;2297
SCJOI03F - Juízo Federal da 3ª VF de Joinville;210;274;158;41;20;1345
SCJOI03S - Juízo Substituto da 3ª VF de Joinville;214;245;157;49;34;1418
SCJOI05F - Juízo Federal da 5ª VF de Joinville;0;0;0;0;0;1
SCJOICEMA - CENTRAL DE MANDADOS - JOINVILLE;0;1;0;0;0;0
SCJOI06S - Juízo Substituto da 6ª VF de Joinville;0;0;0;0;0;1
Total 01 - JOINVILLE 05/2018 e-ProcV2;823;986;764;164;308;7237
02 - CHAPECÓ
SCCHA01F - Juízo Federal da 1ª VF de Chapecó;5;4;10;16;1;112
SCCHA01S - Juízo Substituto da 1ª VF de Chapecó;4;1;11;16;11;129
SCCHA02F - Juízo Federal da 2ª VF de Chapecó;4;11;13;34;21;153
SCCHA02S - Juízo Substituto da 2ª VF de Chapecó;7;8;12;22;6;122
SCCHA03F - Juízo Federal da 3ª VF de Chapecó;215;163;129;18;128;1149
SCCHA03S - Juízo Substituto da 3ª VF de Chapecó;218;163;157;15;110;1155
SCCHACEMA - CENTRAL DE MANDADOS - CHAPECÓ;0;1;0;0;0;0
SCCHACEJUA - JUÍZO A DO CEJUSCON DE CHAPECÓ;0;0;34;0;0;129
Total 02 - CHAPECÓ 05/2018 e-ProcV2;453;351;366;121;277;2949
03 - JOAÇABA
SCJOA01F - Juízo Federal da 1ª VF de Joaçaba;107;63;113;69;85;1121
SCJOA01S - Juízo Substituto da 1ª VF de Joaçaba;121;49;126;68;71;1176
Total 03 - JOAÇABA 05/2018 e-ProcV2;228;112;239;137;156;2297
04 - CRICIÚMA
SCCRI02F - Juízo Federal da 2ª VF de Criciúma;143;58;119;2;57;853
SCCRI02S - Juízo Substituto da 2ª VF de Criciúma;127;48;127;4;66;883
SCCRI03F - Juízo Federal da 3ª VF de Criciúma;132;120;143;12;47;812
SCCRI03S - Juízo Substituto da 3ª VF de Criciúma;142;118;152;15;51;832
SCCRICEMA - CENTRAL DE MANDADOS - CRICIÚMA;0;0;0;0;0;1
SCCRI04F - Juízo Federal da 4ª VF de Criciúma;39;35;38;14;32;441
SCCRI04S - Juízo Substituto da 4ª VF de Criciúma;38;31;38;12;20;456
Total 04 - CRICIÚMA 05/2018 e-ProcV2;621;410;617;59;273;4278
05 - BLUMENAU
SCBLU01F - Juízo Federal da 1ª VF de Blumenau;27;26;40;46;22;343
SCBLU01S - Juízo Substituto da 1ª VF de Blumenau;27;26;31;48;14;396
SCBLU03F - Juízo Federal da 3ª VF de Blumenau;172;139;141;1;74;1077
SCBLU03S - Juízo Substituto da 3ª VF de Blumenau;167;138;157;3;82;1132
SCBLU02F - Juízo Federal da 2ª VF de Blumenau;18;22;19;90;23;435
SCBLU02S - Juízo Substituto da 2ª VF de Blumenau;26;19;37;91;25;427
SCBLU04F - Juízo Federal da 4ª VF de Blumenau;165;107;141;8;52;1050
SCBLU04S - Juízo Substituto da 4ª VF de Blumenau;167;111;111;6;53;1046
Total 05 - BLUMENAU 05/2018 e-ProcV2;769;588;677;293;345;5906
06 - LAGES
SCLAG01F - Juízo Federal da 1ª VF de Lages;10;6;4;1;10;77
SCLAG01S - Juízo Substituto da 1ª VF de Lages;4;7;4;1;5;73
SCLAG02F - Juízo Federal da 2ª VF de Lages;200;451;265;57;147;1967
SCLAG02S - Juízo Substituto da 2ª VF de Lages;202;471;271;62;147;1997
SCLAGCEMA - CENTRAL DE MANDADOS - LAGES;72;82;0;0;0;23
SCLAGCEJUA - JUÍZO A DO CEJUSCON DE LAGES;0;0;0;0;0;200
Total 06 - LAGES 05/2018 e-ProcV2;488;1017;544;121;309;4337
07 - TUBARÃO
SCTUB01F - Juízo Federal da 1ª VF de Tubarão;1;0;0;0;0;1
SCTUB02F - Juízo Federal da 2ª VF de Tubarão;286;184;190;0;143;1724
SCTUB02S - Juízo Substituto da 2ª VF de Tubarão;291;200;181;2;202;1788
Total 07 - TUBARÃO 05/2018 e-ProcV2;578;384;371;2;345;3513
08 - ITAJAÍ
SCITA02F - Juízo Federal da 2ª VF de Itajaí;26;10;19;10;19;233
SCITA02S - Juízo Substituto da 2ª VF de Itajaí;23;19;28;15;26;223
SCITA03F - Juízo Federal da 3ª VF de Itajaí;23;10;24;5;3;200
SCITA03S - Juízo Substituto da 3ª VF de Itajaí;23;17;14;8;22;192
SCITACEMA - CENTRAL DE MANDADOS - ITAJAÍ;1;1;0;0;0;0
SCITA04F - Juízo Federal da 4ª VF de Itajaí;354;207;349;38;87;2206
SCITA04S - Juízo Substituto da 4ª VF de Itajaí;351;223;206;40;75;2179
SCITACEJUA - JUÍZO A DO CEJUSCON DE ITAJAÍ;1;0;0;0;0;1
Total 08 - ITAJAÍ 05/2018 e-ProcV2;802;487;640;116;232;5234
09 - JARAGUÁ DO SUL
SCJAR01F - Juízo Federal da 1ª VF de Jaraguá do Sul;27;5;23;18;9;289
SCJAR01S - Juízo Substituto da 1ª VF de Jaraguá do Sul;27;8;26;20;14;270
SCJAR02F - Juízo Federal da 2ª VF de Jaraguá do Sul;206;143;170;0;52;1080
SCJAR02S - Juízo Substituto da 2ª VF de Jaraguá do Sul;207;155;188;0;64;1111
SCJARCEMA - CENTRAL DE MANDADOS - JARAGUÁ DO SUL;1;1;0;0;0;0
Total 09 - JARAGUÁ DO SUL 05/2018 e-ProcV2;468;312;407;38;139;2750
10 - SÃO MIGUEL DO OESTE
SCSMO01F - Juízo Federal da 1ª VF de São Miguel do Oeste;102;91;66;16;140;998
SCSMO01S - Juízo Substituto da 1ª VF de São Miguel do Oeste;101;87;61;12;115;1014
Total 10 - SÃO MIGUEL DO OESTE 05/2018 e-ProcV2;203;178;127;28;255;2012
11 - CAÇADOR
SCCAC01F - Juízo Federal da 1ª VF de Caçador;137;115;50;30;269;1141
SCCAC01S - Juízo Substituto da 1ª VF de Caçador;127;103;61;26;257;1145
Total 11 - CAÇADOR 05/2018 e-ProcV2;264;218;111;56;526;2286
12 - CONCÓRDIA
SCCON01F - Juízo Federal da 1ª VF de Concórdia;60;39;41;7;58;482
SCCON01S - Juízo Substituto da 1ª VF de Concórdia;68;38;61;2;59;500
Total 12 - CONCÓRDIA 05/2018 e-ProcV2;128;77;102;9;117;982
13 - RIO DO SUL
SCRSL01F - Juízo Federal da 1ª VF de Rio do Sul;84;64;40;6;80;407
SCRSL01S - Juízo Substituto da 1ª VF de Rio do Sul;85;69;55;5;76;438
SCRSLUI02F - Juízo Federal da 2ª Unidade de Apoio Itinerante em Rio do Sul;0;18;25;0;18;275
SCRSLUI02S - Juízo Substituto da 2ª Unidade de Apoio Itinerante em Rio do Sul;0;14;41;0;9;269
SCRSLUI01F - Juízo Federal da 1ª Unidade de Apoio Itinerante em Rio do Sul;0;21;48;0;9;280
SCRSLUI01S - Juízo Substituto da 1ª Unidade de Apoio Itinerante em Rio do Sul;0;16;31;0;40;283
Total 13 - RIO DO SUL 05/2018 e-ProcV2;169;202;240;11;232;1952
14 - MAFRA
SCMFA01F - Juízo Federal da 1ª VF de Mafra;60;66;61;24;38;461
SCMFA01S - Juízo Substituto da 1ª VF de Mafra;50;77;41;17;58;458
Total 14 - MAFRA 05/2018 e-ProcV2;110;143;102;41;96;919
15 - BRUSQUE
SCBQE01F - Juízo Federal da 1ª VF de Brusque;106;56;88;26;3;608
SCBQE01S - Juízo Substituto da 1ª VF de Brusque;98;57;96;28;26;555
Total 15 - BRUSQUE 05/2018 e-ProcV2;204;113;184;54;29;1163
16 - LAGUNA
SCLGA01F - Juízo Federal da 1ª VF de Laguna;84;79;103;1;53;759
SCLGA01S - Juízo Substituto da 1ª VF de Laguna;86;84;87;5;42;724
Total 16 - LAGUNA 05/2018 e-ProcV2;170;163;190;6;95;1483
19 - VIDEIRA - CAÇADOR
SCCACUI01F - Juízo Federal da 1ª Unidade de Apoio Itinerante em Caçador;0;16;15;0;14;173
SCCACUI01S - Juízo Substituto da 1ª Unidade de Apoio Itinerante em Caçador;0;15;30;0;12;173
SCCACUI02F - Juízo Federal da 2ª Unidade de Apoio Itinerante em Caçador;0;24;24;1;6;165
SCCACUI02S - Juízo Substituto da 2ª Unidade de Apoio Itinerante em Caçador;0;14;24;0;13;160
Total 19 - VIDEIRA - CAÇADOR 05/2018 e-ProcV2;0;69;93;1;45;671
Total 05/2018 e-ProcV2;7100;6398;6363;1778;4333;55396
06/2018
00 - FLORIANÓPOLIS
SCFLP02F - Juízo Federal da 2ª VF de Florianópolis;16;7;12;39;38;245
SCFLP02S - Juízo Substituto da 2ª VF de Florianópolis;14;15;19;36;50;264
SCFLP03F - Juízo Federal da 3ª VF de Florianópolis;8;4;23;42;23;248
SCFLP03S - Juízo Substituto da 3ª VF de Florianópolis;16;4;5;48;23;237
SCFLP04F - Juízo Federal da 4ª VF de Florianópolis;15;23;15;20;20;305
SCFLP04S - Juízo Substituto da 4ª VF de Florianópolis;15;20;1;34;30;331
SCFLP08F - Juízo Federal da 8ª VF de Florianópolis;118;125;117;1;85;659
SCFLP08S - Juízo Substituto da 8ª VF de Florianópolis;125;126;117;1;74;635
SCFLPCEMA - CENTRAL DE MANDADOS - FLORIANÓPOLIS;0;0;0;0;0;1
SCFLP05F - Juízo Federal da 5ª VF de Florianópolis;120;127;103;119;122;836
SCFLP05S - Juízo Substituto da 5ª VF de Florianópolis;107;131;104;102;123;808
SCFLPTR01B - Gab. Juiz Federal EDVALDO MENDES DA SILVA (SC-1B);0;0;0;1;0;1
SCFLPTRPR2 - Gabinete de Admissibilidade de Santa Catarina - Juízo Previdenciário;0;0;0;0;0;1
SCFLPCEJUA - JUÍZO A DO CEJUSCON DE FLORIANÓPOLIS;0;0;0;0;0;771
Total 00 - FLORIANÓPOLIS 06/2018 e-ProcV2;554;582;516;443;588;5342
01 - JOINVILLE
SCJOI04F - Juízo Federal da 4ª VF de Joinville;214;208;181;21;224;2160
SCJOI04S - Juízo Substituto da 4ª VF de Joinville;204;237;192;50;215;2278
SCJOI03F - Juízo Federal da 3ª VF de Joinville;214;190;182;21;30;1343
SCJOI03S - Juízo Substituto da 3ª VF de Joinville;212;200;185;22;30;1393
SCJOI05F - Juízo Federal da 5ª VF de Joinville;0;0;0;0;0;1
SCJOI06F - Juízo Federal da 6ª VF de Joinville;0;0;0;1;0;1
SCJOI06S - Juízo Substituto da 6ª VF de Joinville;0;0;0;0;0;1
Total 01 - JOINVILLE 06/2018 e-ProcV2;844;835;740;115;499;7177
02 - CHAPECÓ
SCCHA01F - Juízo Federal da 1ª VF de Chapecó;5;4;1;6;7;108
SCCHA01S - Juízo Substituto da 1ª VF de Chapecó;6;12;12;12;13;115
SCCHA02F - Juízo Federal da 2ª VF de Chapecó;7;13;19;30;12;150
SCCHA02S - Juízo Substituto da 2ª VF de Chapecó;7;12;10;26;5;119
SCCHA03F - Juízo Federal da 3ª VF de Chapecó;196;210;217;10;139;1138
SCCHA03S - Juízo Substituto da 3ª VF de Chapecó;193;201;253;3;115;1171
SCCHACEJUA - JUÍZO A DO CEJUSCON DE CHAPECÓ;1;0;73;0;0;100
Total 02 - CHAPECÓ 06/2018 e-ProcV2;415;452;585;87;291;2901
03 - JOAÇABA
SCJOA01F - Juízo Federal da 1ª VF de Joaçaba;82;190;107;66;94;1021
SCJOA01S - Juízo Substituto da 1ª VF de Joaçaba;75;178;113;60;92;1075
Total 03 - JOAÇABA 06/2018 e-ProcV2;157;368;220;126;186;2096
04 - CRICIÚMA
SCCRI02F - Juízo Federal da 2ª VF de Criciúma;117;196;60;3;108;758
SCCRI02S - Juízo Substituto da 2ª VF de Criciúma;117;190;124;0;56;809
SCCRI03F - Juízo Federal da 3ª VF de Criciúma;116;136;135;3;61;800
SCCRI03S - Juízo Substituto da 3ª VF de Criciúma;120;151;133;5;63;812
SCCRICEMA - CENTRAL DE MANDADOS - CRICIÚMA;0;0;0;0;0;1
SCCRI04F - Juízo Federal da 4ª VF de Criciúma;21;30;30;22;22;429
SCCRI04S - Juízo Substituto da 4ª VF de Criciúma;23;30;35;21;18;443
Total 04 - CRICIÚMA 06/2018 e-ProcV2;514;733;517;54;328;4052
05 - BLUMENAU
SCBLU01F - Juízo Federal da 1ª VF de Blumenau;22;30;15;44;27;328
SCBLU01S - Juízo Substituto da 1ª VF de Blumenau;24;24;40;53;8;384
SCBLU03F - Juízo Federal da 3ª VF de Blumenau;143;174;168;1;68;1033
SCBLU03S - Juízo Substituto da 3ª VF de Blumenau;149;155;132;3;100;1094
SCBLU02F - Juízo Federal da 2ª VF de Blumenau;24;21;19;64;36;400
SCBLU02S - Juízo Substituto da 2ª VF de Blumenau;24;24;17;71;43;414
SCBLU04F - Juízo Federal da 4ª VF de Blumenau;145;183;142;2;48;998
SCBLU04S - Juízo Substituto da 4ª VF de Blumenau;147;170;166;9;22;998
Total 05 - BLUMENAU 06/2018 e-ProcV2;678;781;699;247;352;5649
06 - LAGES
SCLAG01F - Juízo Federal da 1ª VF de Lages;4;9;7;2;7;71
SCLAG01S - Juízo Substituto da 1ª VF de Lages;4;7;5;2;6;69
SCLAG02F - Juízo Federal da 2ª VF de Lages;171;144;226;71;136;1987
SCLAG02S - Juízo Substituto da 2ª VF de Lages;176;154;227;56;145;2012
SCLAGCEMA - CENTRAL DE MANDADOS - LAGES;6;28;0;0;0;1
SCLAGCEJUA - JUÍZO A DO CEJUSCON DE LAGES;0;0;0;0;0;213
Total 06 - LAGES 06/2018 e-ProcV2;361;342;465;131;294;4353
07 - TUBARÃO
SCTUB01F - Juízo Federal da 1ª VF de Tubarão;0;0;0;0;0;1
SCTUB02F - Juízo Federal da 2ª VF de Tubarão;307;204;209;3;233;1840
SCTUB02S - Juízo Substituto da 2ª VF de Tubarão;305;204;226;8;254;1888
Total 07 - TUBARÃO 06/2018 e-ProcV2;612;408;435;11;487;3729
08 - ITAJAÍ
SCITA02F - Juízo Federal da 2ª VF de Itajaí;17;20;23;10;31;221
SCITA02S - Juízo Substituto da 2ª VF de Itajaí;17;11;26;6;26;220
SCITA03F - Juízo Federal da 3ª VF de Itajaí;13;15;30;9;7;203
SCITA03S - Juízo Substituto da 3ª VF de Itajaí;17;13;8;9;34;200
SCITACEMA - CENTRAL DE MANDADOS - ITAJAÍ;1;0;0;0;0;1
SCITA04F - Juízo Federal da 4ª VF de Itajaí;275;163;280;101;99;2333
SCITA04S - Juízo Substituto da 4ª VF de Itajaí;282;150;269;69;135;2318
SCITACEJUA - JUÍZO A DO CEJUSCON DE ITAJAÍ;0;0;0;0;0;1
Total 08 - ITAJAÍ 06/2018 e-ProcV2;622;372;636;204;332;5497
09 - JARAGUÁ DO SUL
SCJAR01F - Juízo Federal da 1ª VF de Jaraguá do Sul;0;0;9;0;1;10
SCJAR01S - Juízo Substituto da 1ª VF de Jaraguá do Sul;0;0;15;0;0;14
SCJAR02F - Juízo Federal da 2ª VF de Jaraguá do Sul;142;136;193;8;52;1357
SCJAR02S - Juízo Substituto da 2ª VF de Jaraguá do Sul;132;122;184;20;82;1399
Total 09 - JARAGUÁ DO SUL 06/2018 e-ProcV2;274;258;401;28;135;2780
10 - SÃO MIGUEL DO OESTE
SCSMO01F - Juízo Federal da 1ª VF de São Miguel do Oeste;90;76;105;15;158;1009
SCSMO01S - Juízo Substituto da 1ª VF de São Miguel do Oeste;89;90;73;22;144;1014
Total 10 - SÃO MIGUEL DO OESTE 06/2018 e-ProcV2;179;166;178;37;302;2023
11 - CAÇADOR
SCCAC01F - Juízo Federal da 1ª VF de Caçador;120;70;86;10;235;1130
SCCAC01S - Juízo Substituto da 1ª VF de Caçador;117;93;70;11;216;1113
Total 11 - CAÇADOR 06/2018 e-ProcV2;237;163;156;21;451;2243
12 - CONCÓRDIA
SCCON01F - Juízo Federal da 1ª VF de Concórdia;66;56;50;10;72;501
SCCON01S - Juízo Substituto da 1ª VF de Concórdia;65;61;51;4;75;504
Total 12 - CONCÓRDIA 06/2018 e-ProcV2;131;117;101;14;147;1005
13 - RIO DO SUL
SCRSL01F - Juízo Federal da 1ª VF de Rio do Sul;107;92;46;5;36;320
SCRSL01S - Juízo Substituto da 1ª VF de Rio do Sul;106;96;52;5;36;352
SCRSLUI02F - Juízo Federal da 2ª Unidade de Apoio Itinerante em Rio do Sul;0;32;44;0;28;289
SCRSLUI02S - Juízo Substituto da 2ª Unidade de Apoio Itinerante em Rio do Sul;0;29;42;0;17;282
SCRSLUI01F - Juízo Federal da 1ª Unidade de Apoio Itinerante em Rio do Sul;0;41;41;0;20;282
SCRSLUI01S - Juízo Substituto da 1ª Unidade de Apoio Itinerante em Rio do Sul;0;25;46;0;36;302
Total 13 - RIO DO SUL 06/2018 e-ProcV2;213;315;271;10;173;1827
14 - MAFRA
SCMFA01F - Juízo Federal da 1ª VF de Mafra;81;99;45;25;55;481
SCMFA01S - Juízo Substituto da 1ª VF de Mafra;79;61;27;23;95;501
Total 14 - MAFRA 06/2018 e-ProcV2;160;160;72;48;150;982
15 - BRUSQUE
SCBQE01F - Juízo Federal da 1ª VF de Brusque;64;120;93;23;5;530
SCBQE01S - Juízo Substituto da 1ª VF de Brusque;102;112;122;42;21;546
Total 15 - BRUSQUE 06/2018 e-ProcV2;166;232;215;65;26;1076
16 - LAGUNA
SCLGA01F - Juízo Federal da 1ª VF de Laguna;89;157;121;12;62;684
SCLGA01S - Juízo Substituto da 1ª VF de Laguna;102;140;139;7;43;662
Total 16 - LAGUNA 06/2018 e-ProcV2;191;297;260;19;105;1346
19 - VIDEIRA - CAÇADOR
SCCACUI01F - Juízo Federal da 1ª Unidade de Apoio Itinerante em Caçador;0;8;10;1;27;182
SCCACUI01S - Juízo Substituto da 1ª Unidade de Apoio Itinerante em Caçador;0;11;19;0;8;178
SCCACUI02F - Juízo Federal da 2ª Unidade de Apoio Itinerante em Caçador;0;10;20;0;5;166
SCCACUI02S - Juízo Substituto da 2ª Unidade de Apoio Itinerante em Caçador;0;13;30;0;8;156
Total 19 - VIDEIRA - CAÇADOR 06/2018 e-ProcV2;0;42;79;1;48;682
Total 06/2018 e-ProcV2;6308;6623;6546;1661;4894;54760
07/2018
00 - FLORIANÓPOLIS
SCFLP02F - Juízo Federal da 2ª VF de Florianópolis;9;16;14;43;44;252
SCFLP02S - Juízo Substituto da 2ª VF de Florianópolis;18;16;13;32;52;276
SCFLP03F - Juízo Federal da 3ª VF de Florianópolis;18;28;5;48;31;243
SCFLP03S - Juízo Substituto da 3ª VF de Florianópolis;21;20;13;41;29;249
SCFLP04F - Juízo Federal da 4ª VF de Florianópolis;20;18;22;29;12;311
SCFLP04S - Juízo Substituto da 4ª VF de Florianópolis;15;10;20;36;31;335
SCFLP08F - Juízo Federal da 8ª VF de Florianópolis;114;152;139;1;106;588
SCFLP08S - Juízo Substituto da 8ª VF de Florianópolis;132;143;127;1;96;611
SCFLPCEMA - CENTRAL DE MANDADOS - FLORIANÓPOLIS;0;0;0;0;0;1
SCFLP05F - Juízo Federal da 5ª VF de Florianópolis;115;97;75;159;131;868
SCFLP05S - Juízo Substituto da 5ª VF de Florianópolis;121;91;52;134;175;829
SCFLPTR01B - Gab. Juiz Federal EDVALDO MENDES DA SILVA (SC-1B);0;1;0;0;0;0
SCFLPTRPR2 - Gabinete de Admissibilidade de Santa Catarina - Juízo Previdenciário;0;1;0;0;0;0
SCFLPCEJUA - JUÍZO A DO CEJUSCON DE FLORIANÓPOLIS;0;0;0;0;0;839
Total 00 - FLORIANÓPOLIS 07/2018 e-ProcV2;583;593;480;524;707;5402
01 - JOINVILLE
SCJOI04F - Juízo Federal da 4ª VF de Joinville;258;192;188;30;195;2294
SCJOI04S - Juízo Substituto da 4ª VF de Joinville;235;191;185;91;158;2430
SCJOI03F - Juízo Federal da 3ª VF de Joinville;258;258;218;78;51;1386
SCJOI03S - Juízo Substituto da 3ª VF de Joinville;256;225;226;79;54;1451
SCJOI05F - Juízo Federal da 5ª VF de Joinville;0;0;0;0;1;1
SCJOICEMA - CENTRAL DE MANDADOS - JOINVILLE;1;0;0;0;0;1
SCJOI06F - Juízo Federal da 6ª VF de Joinville;0;0;0;1;0;1
SCJOI06S - Juízo Substituto da 6ª VF de Joinville;0;0;0;0;0;1
Total 01 - JOINVILLE 07/2018 e-ProcV2;1008;866;817;279;459;7565
02 - CHAPECÓ
SCCHA01F - Juízo Federal da 1ª VF de Chapecó;5;7;10;10;9;107
SCCHA01S - Juízo Substituto da 1ª VF de Chapecó;11;12;7;15;15;130
SCCHA02F - Juízo Federal da 2ª VF de Chapecó;2;14;3;23;17;144
SCCHA02S - Juízo Substituto da 2ª VF de Chapecó;7;14;2;21;8;123
SCCHA03F - Juízo Federal da 3ª VF de Chapecó;207;178;203;15;108;1173
SCCHA03S - Juízo Substituto da 3ª VF de Chapecó;210;207;190;3;118;1160
SCCHACEJUA - JUÍZO A DO CEJUSCON DE CHAPECÓ;0;0;68;0;0;68
Total 02 - CHAPECÓ 07/2018 e-ProcV2;442;432;483;87;275;2905
03 - JOAÇABA
SCJOA01F - Juízo Federal da 1ª VF de Joaçaba;113;128;109;83;76;1015
SCJOA01S - Juízo Substituto da 1ª VF de Joaçaba;106;124;96;95;83;1057
Total 03 - JOAÇABA 07/2018 e-ProcV2;219;252;205;178;159;2072
04 - CRICIÚMA
SCCRI02F - Juízo Federal da 2ª VF de Criciúma;140;158;60;4;157;784
SCCRI02S - Juízo Substituto da 2ª VF de Criciúma;130;171;112;4;66;761
SCCRI03F - Juízo Federal da 3ª VF de Criciúma;155;178;133;3;85;793
SCCRI03S - Juízo Substituto da 3ª VF de Criciúma;152;162;138;8;73;803
SCCRICEMA - CENTRAL DE MANDADOS - CRICIÚMA;1;1;0;0;0;1
SCCRI04F - Juízo Federal da 4ª VF de Criciúma;31;26;44;15;18;447
SCCRI04S - Juízo Substituto da 4ª VF de Criciúma;37;33;29;35;31;472
Total 04 - CRICIÚMA 07/2018 e-ProcV2;646;729;516;69;430;4061
05 - BLUMENAU
SCBLU01F - Juízo Federal da 1ª VF de Blumenau;32;57;17;57;44;328
SCBLU01S - Juízo Substituto da 1ª VF de Blumenau;24;80;22;56;22;363
SCBLU03F - Juízo Federal da 3ª VF de Blumenau;167;123;144;3;121;1100
SCBLU03S - Juízo Substituto da 3ª VF de Blumenau;162;132;150;3;121;1146
SCBLU02F - Juízo Federal da 2ª VF de Blumenau;24;22;9;93;64;462
SCBLU02S - Juízo Substituto da 2ª VF de Blumenau;23;33;18;97;65;451
SCBLU04F - Juízo Federal da 4ª VF de Blumenau;170;109;135;5;58;1071
SCBLU04S - Juízo Substituto da 4ª VF de Blumenau;171;116;158;17;73;1085
SCBLUCEMA - CENTRAL DE MANDADOS - BLUMENAU;1;0;0;0;0;1
Total 05 - BLUMENAU 07/2018 e-ProcV2;774;672;653;331;568;6007
06 - LAGES
SCLAG01F - Juízo Federal da 1ª VF de Lages;2;5;5;7;11;64
SCLAG01S - Juízo Substituto da 1ª VF de Lages;1;5;4;4;8;67
SCLAG02F - Juízo Federal da 2ª VF de Lages;215;114;167;63;138;2138
SCLAG02S - Juízo Substituto da 2ª VF de Lages;211;128;162;57;144;2142
SCLAGCEMA - CENTRAL DE MANDADOS - LAGES;2;0;0;0;0;3
SCLAGCEJUA - JUÍZO A DO CEJUSCON DE LAGES;0;0;0;0;0;209
Total 06 - LAGES 07/2018 e-ProcV2;431;252;338;131;301;4623
07 - TUBARÃO
SCTUB01F - Juízo Federal da 1ª VF de Tubarão;0;0;0;0;0;1
SCTUB02F - Juízo Federal da 2ª VF de Tubarão;275;198;243;7;200;1912
SCTUB02S - Juízo Substituto da 2ª VF de Tubarão;276;203;179;9;272;1956
Total 07 - TUBARÃO 07/2018 e-ProcV2;551;401;422;16;472;3869
08 - ITAJAÍ
SCITA02F - Juízo Federal da 2ª VF de Itajaí;17;19;8;19;41;241
SCITA02S - Juízo Substituto da 2ª VF de Itajaí;24;20;15;7;32;234
SCITA03F - Juízo Federal da 3ª VF de Itajaí;25;21;14;17;17;214
SCITA03S - Juízo Substituto da 3ª VF de Itajaí;25;21;19;9;35;199
SCITACEMA - CENTRAL DE MANDADOS - ITAJAÍ;10;0;0;0;0;11
SCITA04F - Juízo Federal da 4ª VF de Itajaí;320;414;267;39;139;2259
SCITA04S - Juízo Substituto da 4ª VF de Itajaí;332;431;297;38;120;2234
SCITACEJUA - JUÍZO A DO CEJUSCON DE ITAJAÍ;1;0;0;0;0;1
Total 08 - ITAJAÍ 07/2018 e-ProcV2;754;926;620;129;384;5393
09 - JARAGUÁ DO SUL
SCJAR01F - Juízo Federal da 1ª VF de Jaraguá do Sul;3;0;1;0;0;9
SCJAR01S - Juízo Substituto da 1ª VF de Jaraguá do Sul;0;0;1;0;0;11
SCJAR02F - Juízo Federal da 2ª VF de Jaraguá do Sul;174;196;179;14;105;1396
SCJAR02S - Juízo Substituto da 2ª VF de Jaraguá do Sul;178;159;203;19;110;1446
Total 09 - JARAGUÁ DO SUL 07/2018 e-ProcV2;355;355;384;33;215;2862
10 - SÃO MIGUEL DO OESTE
SCSMO01F - Juízo Federal da 1ª VF de São Miguel do Oeste;103;107;100;5;153;1016
SCSMO01S - Juízo Substituto da 1ª VF de São Miguel do Oeste;111;128;104;13;144;1004
Total 10 - SÃO MIGUEL DO OESTE 07/2018 e-ProcV2;214;235;204;18;297;2020
11 - CAÇADOR
SCCAC01F - Juízo Federal da 1ª VF de Caçador;114;120;54;16;221;1103
SCCAC01S - Juízo Substituto da 1ª VF de Caçador;121;123;43;16;210;1069
Total 11 - CAÇADOR 07/2018 e-ProcV2;235;243;97;32;431;2172
12 - CONCÓRDIA
SCCON01F - Juízo Federal da 1ª VF de Concórdia;68;60;70;4;86;515
SCCON01S - Juízo Substituto da 1ª VF de Concórdia;61;76;63;5;79;499
Total 12 - CONCÓRDIA 07/2018 e-ProcV2;129;136;133;9;165;1014
13 - RIO DO SUL
SCRSL01F - Juízo Federal da 1ª VF de Rio do Sul;106;28;40;11;12;319
SCRSL01S - Juízo Substituto da 1ª VF de Rio do Sul;92;31;44;6;10;332
SCRSLUI02F - Juízo Federal da 2ª Unidade de Apoio Itinerante em Rio do Sul;0;28;20;1;36;324
SCRSLUI02S - Juízo Substituto da 2ª Unidade de Apoio Itinerante em Rio do Sul;0;26;31;0;19;307
SCRSLUI01F - Juízo Federal da 1ª Unidade de Apoio Itinerante em Rio do Sul;0;40;39;0;34;292
SCRSLUI01S - Juízo Substituto da 1ª Unidade de Apoio Itinerante em Rio do Sul;0;29;35;0;53;304
Total 13 - RIO DO SUL 07/2018 e-ProcV2;198;182;209;18;164;1878
14 - MAFRA
SCMFA01F - Juízo Federal da 1ª VF de Mafra;102;56;31;32;48;533
SCMFA01S - Juízo Substituto da 1ª VF de Mafra;96;45;30;36;114;573
Total 14 - MAFRA 07/2018 e-ProcV2;198;101;61;68;162;1106
15 - BRUSQUE
SCBQE01F - Juízo Federal da 1ª VF de Brusque;93;78;106;38;16;576
SCBQE01S - Juízo Substituto da 1ª VF de Brusque;122;81;91;44;21;597
Total 15 - BRUSQUE 07/2018 e-ProcV2;215;159;197;82;37;1173
16 - LAGUNA
SCLGA01F - Juízo Federal da 1ª VF de Laguna;110;138;93;7;51;667
SCLGA01S - Juízo Substituto da 1ª VF de Laguna;128;136;76;3;62;667
Total 16 - LAGUNA 07/2018 e-ProcV2;238;274;169;10;113;1334
19 - VIDEIRA - CAÇADOR
SCCACUI01F - Juízo Federal da 1ª Unidade de Apoio Itinerante em Caçador;0;31;12;1;27;185
SCCACUI01S - Juízo Substituto da 1ª Unidade de Apoio Itinerante em Caçador;0;33;9;1;16;175
SCCACUI02F - Juízo Federal da 2ª Unidade de Apoio Itinerante em Caçador;0;25;18;2;9;172
SCCACUI02S - Juízo Substituto da 2ª Unidade de Apoio Itinerante em Caçador;0;23;16;0;9;166
Total 19 - VIDEIRA - CAÇADOR 07/2018 e-ProcV2;0;112;55;4;61;698
Total 07/2018 e-ProcV2;7190;6920;6043;2018;5400;56154
08/2018
00 - FLORIANÓPOLIS
SCFLP02F - Juízo Federal da 2ª VF de Florianópolis;21;27;22;40;30;252
SCFLP02S - Juízo Substituto da 2ª VF de Florianópolis;24;32;23;19;46;288
SCFLP03F - Juízo Federal da 3ª VF de Florianópolis;16;21;3;61;33;263
SCFLP03S - Juízo Substituto da 3ª VF de Florianópolis;13;16;7;58;34;251
SCFLP04F - Juízo Federal da 4ª VF de Florianópolis;18;23;19;28;14;323
SCFLP04S - Juízo Substituto da 4ª VF de Florianópolis;16;18;13;36;45;348
SCFLP06F - Juízo Federal da 6ª VF de Florianópolis;0;0;0;0;0;2
SCFLP08F - Juízo Federal da 8ª VF de Florianópolis;130;92;170;2;65;657
SCFLP08S - Juízo Substituto da 8ª VF de Florianópolis;136;115;163;0;70;646
SCFLPCEMA - CENTRAL DE MANDADOS - FLORIANÓPOLIS;1;0;0;0;0;2
SCFLP05F - Juízo Federal da 5ª VF de Florianópolis;134;97;128;130;111;939
SCFLP05S - Juízo Substituto da 5ª VF de Florianópolis;120;97;144;111;136;865
SCFLPCEJUA - JUÍZO A DO CEJUSCON DE FLORIANÓPOLIS;0;0;0;0;0;766
Total 00 - FLORIANÓPOLIS 08/2018 e-ProcV2;629;538;692;485;584;5602
01 - JOINVILLE
SCJOI04F - Juízo Federal da 4ª VF de Joinville;281;209;192;46;230;2460
SCJOI04S - Juízo Substituto da 4ª VF de Joinville;263;210;230;65;211;2600
SCJOI03F - Juízo Federal da 3ª VF de Joinville;280;255;234;41;45;1552
SCJOI03S - Juízo Substituto da 3ª VF de Joinville;276;249;258;26;49;1598
SCJOI05F - Juízo Federal da 5ª VF de Joinville;0;0;0;0;1;1
SCJOICEMA - CENTRAL DE MANDADOS - JOINVILLE;1;1;0;0;0;1
SCJOI06F - Juízo Federal da 6ª VF de Joinville;0;0;0;1;0;1
SCJOI06S - Juízo Substituto da 6ª VF de Joinville;0;0;0;0;0;1
Total 01 - JOINVILLE 08/2018 e-ProcV2;1101;924;914;179;536;8214
02 - CHAPECÓ
SCCHA01F - Juízo Federal da 1ª VF de Chapecó;7;5;6;13;8;122
SCCHA01S - Juízo Substituto da 1ª VF de Chapecó;7;5;4;7;17;141
SCCHA02F - Juízo Federal da 2ª VF de Chapecó;5;9;6;18;14;153
SCCHA02S - Juízo Substituto da 2ª VF de Chapecó;4;14;9;20;7;122
SCCHA03F - Juízo Federal da 3ª VF de Chapecó;207;223;213;7;69;1131
SCCHA03S - Juízo Substituto da 3ª VF de Chapecó;207;232;238;11;55;1123
SCCHACEJUA - JUÍZO A DO CEJUSCON DE CHAPECÓ;0;0;33;0;0;108
Total 02 - CHAPECÓ 08/2018 e-ProcV2;437;488;509;76;170;2900
03 - JOAÇABA
SCJOA01F - Juízo Federal da 1ª VF de Joaçaba;93;79;115;62;81;1026
SCJOA01S - Juízo Substituto da 1ª VF de Joaçaba;93;81;128;57;76;1051
Total 03 - JOAÇABA 08/2018 e-ProcV2;186;160;243;119;157;2077
04 - CRICIÚMA
SCCRI02F - Juízo Federal da 2ª VF de Criciúma;134;86;165;2;166;859
SCCRI02S - Juízo Substituto da 2ª VF de Criciúma;144;77;118;8;77;841
SCCRI03F - Juízo Federal da 3ª VF de Criciúma;158;144;118;13;105;812
SCCRI03S - Juízo Substituto da 3ª VF de Criciúma;165;171;143;6;75;816
SCCRICEMA - CENTRAL DE MANDADOS - CRICIÚMA;2;0;0;0;0;3
SCCRI04F - Juízo Federal da 4ª VF de Criciúma;39;57;23;22;36;455
SCCRI04S - Juízo Substituto da 4ª VF de Criciúma;32;55;27;14;37;488
Total 04 - CRICIÚMA 08/2018 e-ProcV2;674;590;594;65;496;4274
05 - BLUMENAU
SCBLU01F - Juízo Federal da 1ª VF de Blumenau;41;79;37;90;24;344
SCBLU01S - Juízo Substituto da 1ª VF de Blumenau;36;90;24;102;15;362
SCBLU03F - Juízo Federal da 3ª VF de Blumenau;174;178;208;2;101;1094
SCBLU03S - Juízo Substituto da 3ª VF de Blumenau;169;171;173;1;141;1146
SCBLU02F - Juízo Federal da 2ª VF de Blumenau;28;132;76;75;26;426
SCBLU02S - Juízo Substituto da 2ª VF de Blumenau;39;121;72;90;26;429
SCBLU04F - Juízo Federal da 4ª VF de Blumenau;175;127;151;11;64;1154
SCBLU04S - Juízo Substituto da 4ª VF de Blumenau;172;159;161;7;63;1131
SCBLUCEMA - CENTRAL DE MANDADOS - BLUMENAU;1;1;0;0;0;1
SCBLUCEJUA - JUÍZO A DO CEJUSCON DE BLUMENAU;1;1;0;0;0;0
Total 05 - BLUMENAU 08/2018 e-ProcV2;836;1059;902;378;460;6087
06 - LAGES
SCLAG01F - Juízo Federal da 1ª VF de Lages;5;1;14;3;3;73
SCLAG01S - Juízo Substituto da 1ª VF de Lages;4;9;3;5;8;75
SCLAG02F - Juízo Federal da 2ª VF de Lages;227;336;247;92;147;2019
SCLAG02S - Juízo Substituto da 2ª VF de Lages;224;342;247;85;171;2017
SCLAGCEMA - CENTRAL DE MANDADOS - LAGES;4;0;0;0;0;7
SCLAGCEJUA - JUÍZO A DO CEJUSCON DE LAGES;0;0;0;0;0;202
Total 06 - LAGES 08/2018 e-ProcV2;464;688;511;185;329;4393
07 - TUBARÃO
SCTUB01F - Juízo Federal da 1ª VF de Tubarão;0;0;0;0;0;1
SCTUB02F - Juízo Federal da 2ª VF de Tubarão;296;234;309;5;134;1995
SCTUB02S - Juízo Substituto da 2ª VF de Tubarão;304;232;356;8;216;2069
Total 07 - TUBARÃO 08/2018 e-ProcV2;600;466;665;13;350;4065
08 - ITAJAÍ
SCITA02F - Juízo Federal da 2ª VF de Itajaí;25;37;20;23;43;243
SCITA02S - Juízo Substituto da 2ª VF de Itajaí;21;39;23;5;37;219
SCITA03F - Juízo Federal da 3ª VF de Itajaí;20;28;45;18;8;203
SCITA03S - Juízo Substituto da 3ª VF de Itajaí;22;24;26;12;36;214
SCITACEMA - CENTRAL DE MANDADOS - ITAJAÍ;0;5;0;2;0;6
SCITA04F - Juízo Federal da 4ª VF de Itajaí;334;299;342;8;131;2285
SCITA04S - Juízo Substituto da 4ª VF de Itajaí;326;312;349;14;136;2270
SCITACEJUA - JUÍZO A DO CEJUSCON DE ITAJAÍ;0;0;0;1;0;1
Total 08 - ITAJAÍ 08/2018 e-ProcV2;748;744;805;83;391;5441
09 - JARAGUÁ DO SUL
SCJAR01F - Juízo Federal da 1ª VF de Jaraguá do Sul;0;0;0;1;0;5
SCJAR01S - Juízo Substituto da 1ª VF de Jaraguá do Sul;0;1;0;0;0;6
SCJAR02F - Juízo Federal da 2ª VF de Jaraguá do Sul;173;307;201;5;110;1284
SCJAR02S - Juízo Substituto da 2ª VF de Jaraguá do Sul;172;312;201;15;76;1317
Total 09 - JARAGUÁ DO SUL 08/2018 e-ProcV2;345;620;402;21;186;2612
10 - SÃO MIGUEL DO OESTE
SCSMO01F - Juízo Federal da 1ª VF de São Miguel do Oeste;98;95;106;6;180;1020
SCSMO01S - Juízo Substituto da 1ª VF de São Miguel do Oeste;88;88;103;17;180;1017
Total 10 - SÃO MIGUEL DO OESTE 08/2018 e-ProcV2;186;183;209;23;360;2037
11 - CAÇADOR
SCCAC01F - Juízo Federal da 1ª VF de Caçador;113;85;84;7;187;1062
SCCAC01S - Juízo Substituto da 1ª VF de Caçador;114;74;96;17;157;1033
Total 11 - CAÇADOR 08/2018 e-ProcV2;227;159;180;24;344;2095
12 - CONCÓRDIA
SCCON01F - Juízo Federal da 1ª VF de Concórdia;60;81;78;4;75;500
SCCON01S - Juízo Substituto da 1ª VF de Concórdia;63;65;82;6;74;487
Total 12 - CONCÓRDIA 08/2018 e-ProcV2;123;146;160;10;149;987
13 - RIO DO SUL
SCRSL01F - Juízo Federal da 1ª VF de Rio do Sul;131;91;25;9;7;247
SCRSL01S - Juízo Substituto da 1ª VF de Rio do Sul;116;99;32;3;7;270
SCRSLUI02F - Juízo Federal da 2ª Unidade de Apoio Itinerante em Rio do Sul;0;17;54;3;24;362
SCRSLUI02S - Juízo Substituto da 2ª Unidade de Apoio Itinerante em Rio do Sul;0;21;42;1;9;337
SCRSLUI01F - Juízo Federal da 1ª Unidade de Apoio Itinerante em Rio do Sul;0;48;37;0;32;300
SCRSLUI01S - Juízo Substituto da 1ª Unidade de Apoio Itinerante em Rio do Sul;0;27;45;0;47;319
Total 13 - RIO DO SUL 08/2018 e-ProcV2;247;303;235;16;126;1835
14 - MAFRA
SCMFA01F - Juízo Federal da 1ª VF de Mafra;117;54;40;14;85;607
SCMFA01S - Juízo Substituto da 1ª VF de Mafra;115;70;61;19;109;626
Total 14 - MAFRA 08/2018 e-ProcV2;232;124;101;33;194;1233
15 - BRUSQUE
SCBQE01F - Juízo Federal da 1ª VF de Brusque;115;129;103;36;9;558
SCBQE01S - Juízo Substituto da 1ª VF de Brusque;136;110;116;45;21;623
Total 15 - BRUSQUE 08/2018 e-ProcV2;251;239;219;81;30;1181
16 - LAGUNA
SCLGA01F - Juízo Federal da 1ª VF de Laguna;95;88;99;1;53;653
SCLGA01S - Juízo Substituto da 1ª VF de Laguna;104;80;100;0;44;677
Total 16 - LAGUNA 08/2018 e-ProcV2;199;168;199;1;97;1330
19 - VIDEIRA - CAÇADOR
SCCACUI01F - Juízo Federal da 1ª Unidade de Apoio Itinerante em Caçador;0;9;13;3;30;205
SCCACUI01S - Juízo Substituto da 1ª Unidade de Apoio Itinerante em Caçador;0;15;10;0;29;194
SCCACUI02F - Juízo Federal da 2ª Unidade de Apoio Itinerante em Caçador;0;28;28;0;12;181
SCCACUI02S - Juízo Substituto da 2ª Unidade de Apoio Itinerante em Caçador;0;13;18;0;10;180
Total 19 - VIDEIRA - CAÇADOR 08/2018 e-ProcV2;0;65;69;3;81;760
Total 08/2018 e-ProcV2;7485;7664;7609;1795;5040;57123
09/2018
00 - FLORIANÓPOLIS
SCFLP02F - Juízo Federal da 2ª VF de Florianópolis;20;15;28;31;16;264
SCFLP02S - Juízo Substituto da 2ª VF de Florianópolis;25;18;13;32;61;295
SCFLP03F - Juízo Federal da 3ª VF de Florianópolis;21;18;18;66;18;289
SCFLP03S - Juízo Substituto da 3ª VF de Florianópolis;19;18;19;71;16;272
SCFLP04F - Juízo Federal da 4ª VF de Florianópolis;19;15;12;26;19;330
SCFLP04S - Juízo Substituto da 4ª VF de Florianópolis;21;15;20;36;32;357
SCFLP06F - Juízo Federal da 6ª VF de Florianópolis;0;0;0;0;0;1
SCFLP08F - Juízo Federal da 8ª VF de Florianópolis;115;113;82;8;119;641
SCFLP08S - Juízo Substituto da 8ª VF de Florianópolis;108;131;82;5;120;639
SCFLPCEMA - CENTRAL DE MANDADOS - FLORIANÓPOLIS;0;1;0;0;0;1
SCFLP05F - Juízo Federal da 5ª VF de Florianópolis;106;85;92;115;134;920
SCFLP05S - Juízo Substituto da 5ª VF de Florianópolis;113;93;109;111;131;904
SCFLPCEJUA - JUÍZO A DO CEJUSCON DE FLORIANÓPOLIS;0;0;0;0;0;718
Total 00 - FLORIANÓPOLIS 09/2018 e-ProcV2;567;522;475;501;666;5631
01 - JOINVILLE
SCJOI04F - Juízo Federal da 4ª VF de Joinville;226;267;129;17;242;2444
SCJOI04S - Juízo Substituto da 4ª VF de Joinville;210;243;178;38;147;2615
SCJOI03F - Juízo Federal da 3ª VF de Joinville;219;297;172;81;20;1484
SCJOI03S - Juízo Substituto da 3ª VF de Joinville;221;274;194;51;17;1529
SCJOI05F - Juízo Federal da 5ª VF de Joinville;0;0;1;0;0;1
SCJOICEMA - CENTRAL DE MANDADOS - JOINVILLE;0;1;0;0;0;0
SCJOI06F - Juízo Federal da 6ª VF de Joinville;0;0;0;0;0;1
SCJOI06S - Juízo Substituto da 6ª VF de Joinville;0;0;0;0;0;1
Total 01 - JOINVILLE 09/2018 e-ProcV2;876;1082;674;187;426;8075
02 - CHAPECÓ
SCCHA01F - Juízo Federal da 1ª VF de Chapecó;4;2;5;9;6;125
SCCHA01S - Juízo Substituto da 1ª VF de Chapecó;8;4;6;16;12;151
SCCHA02F - Juízo Federal da 2ª VF de Chapecó;3;15;4;16;11;149
SCCHA02S - Juízo Substituto da 2ª VF de Chapecó;6;4;1;16;4;119
SCCHA03F - Juízo Federal da 3ª VF de Chapecó;161;283;142;20;112;1055
SCCHA03S - Juízo Substituto da 3ª VF de Chapecó;162;283;138;10;89;1062
SCCHACEJUA - JUÍZO A DO CEJUSCON DE CHAPECÓ;0;0;59;1;11;138
Total 02 - CHAPECÓ 09/2018 e-ProcV2;344;591;355;88;245;2799
03 - JOAÇABA
SCJOA01F - Juízo Federal da 1ª VF de Joaçaba;109;46;109;90;69;1078
SCJOA01S - Juízo Substituto da 1ª VF de Joaçaba;101;42;115;83;88;1114
Total 03 - JOAÇABA 09/2018 e-ProcV2;210;88;224;173;157;2192
04 - CRICIÚMA
SCCRI02F - Juízo Federal da 2ª VF de Criciúma;150;139;107;0;184;847
SCCRI02S - Juízo Substituto da 2ª VF de Criciúma;136;178;68;2;124;789
SCCRI03F - Juízo Federal da 3ª VF de Criciúma;137;150;104;6;111;809
SCCRI03S - Juízo Substituto da 3ª VF de Criciúma;146;146;99;10;94;818
SCCRICEMA - CENTRAL DE MANDADOS - CRICIÚMA;0;2;0;0;0;0
SCCRI04F - Juízo Federal da 4ª VF de Criciúma;28;10;22;18;43;524
SCCRI04S - Juízo Substituto da 4ª VF de Criciúma;26;11;19;20;51;533
Total 04 - CRICIÚMA 09/2018 e-ProcV2;623;636;419;56;607;4320
05 - BLUMENAU
SCBLU01F - Juízo Federal da 1ª VF de Blumenau;23;23;13;101;34;361
SCBLU01S - Juízo Substituto da 1ª VF de Blumenau;28;28;27;97;17;379
SCBLU03F - Juízo Federal da 3ª VF de Blumenau;134;144;149;4;101;1084
SCBLU03S - Juízo Substituto da 3ª VF de Blumenau;137;145;130;7;175;1134
SCBLU02F - Juízo Federal da 2ª VF de Blumenau;35;45;16;72;29;451
SCBLU02S - Juízo Substituto da 2ª VF de Blumenau;26;45;15;88;29;461
SCBLU04F - Juízo Federal da 4ª VF de Blumenau;148;120;175;5;67;1181
SCBLU04S - Juízo Substituto da 4ª VF de Blumenau;148;108;187;3;73;1177
SCBLUCEMA - CENTRAL DE MANDADOS - BLUMENAU;1;1;0;0;0;1
Total 05 - BLUMENAU 09/2018 e-ProcV2;680;659;712;377;525;6229
06 - LAGES
SCLAG01F - Juízo Federal da 1ª VF de Lages;9;11;7;0;2;70
SCLAG01S - Juízo Substituto da 1ª VF de Lages;12;10;5;5;2;73
SCLAG02F - Juízo Federal da 2ª VF de Lages;206;435;184;53;160;1768
SCLAG02S - Juízo Substituto da 2ª VF de Lages;205;436;169;47;192;1774
SCLAGCEMA - CENTRAL DE MANDADOS - LAGES;0;7;0;0;0;1
SCLAGCEJUA - JUÍZO A DO CEJUSCON DE LAGES;0;0;0;0;0;215
Total 06 - LAGES 09/2018 e-ProcV2;432;899;365;105;356;3901
07 - TUBARÃO
SCTUB01F - Juízo Federal da 1ª VF de Tubarão;0;0;0;0;0;2
SCTUB02F - Juízo Federal da 2ª VF de Tubarão;279;209;182;15;189;2073
SCTUB02S - Juízo Substituto da 2ª VF de Tubarão;266;185;169;15;290;2143
SCTUBCEMA - CENTRAL DE MANDADOS - TUBARÃO;0;0;0;0;0;1
Total 07 - TUBARÃO 09/2018 e-ProcV2;545;394;351;30;479;4219
08 - ITAJAÍ
SCITA02F - Juízo Federal da 2ª VF de Itajaí;21;14;24;14;35;248
SCITA02S - Juízo Substituto da 2ª VF de Itajaí;27;15;18;11;36;229
SCITA03F - Juízo Federal da 3ª VF de Itajaí;29;24;18;15;16;201
SCITA03S - Juízo Substituto da 3ª VF de Itajaí;34;20;18;26;36;227
SCITACEMA - CENTRAL DE MANDADOS - ITAJAÍ;1;1;0;0;0;6
SCITA04F - Juízo Federal da 4ª VF de Itajaí;292;256;283;23;162;2284
SCITA04S - Juízo Substituto da 4ª VF de Itajaí;297;257;277;20;145;2285
SCITACEJUA - JUÍZO A DO CEJUSCON DE ITAJAÍ;0;0;0;1;0;1
Total 08 - ITAJAÍ 09/2018 e-ProcV2;701;587;638;110;430;5481
09 - JARAGUÁ DO SUL
SCJAR01F - Juízo Federal da 1ª VF de Jaraguá do Sul;0;0;0;0;0;2
SCJAR01S - Juízo Substituto da 1ª VF de Jaraguá do Sul;0;2;0;0;0;1
SCJAR02F - Juízo Federal da 2ª VF de Jaraguá do Sul;120;226;179;7;70;1170
SCJAR02S - Juízo Substituto da 2ª VF de Jaraguá do Sul;127;230;152;9;87;1199
Total 09 - JARAGUÁ DO SUL 09/2018 e-ProcV2;247;458;331;16;157;2372
10 - SÃO MIGUEL DO OESTE
SCSMO01F - Juízo Federal da 1ª VF de São Miguel do Oeste;104;109;106;19;164;1023
SCSMO01S - Juízo Substituto da 1ª VF de São Miguel do Oeste;118;104;108;15;158;1026
Total 10 - SÃO MIGUEL DO OESTE 09/2018 e-ProcV2;222;213;214;34;322;2049
11 - CAÇADOR
SCCAC01F - Juízo Federal da 1ª VF de Caçador;101;128;63;28;180;1006
SCCAC01S - Juízo Substituto da 1ª VF de Caçador;110;139;72;19;146;974
Total 11 - CAÇADOR 09/2018 e-ProcV2;211;267;135;47;326;1980
12 - CONCÓRDIA
SCCON01F - Juízo Federal da 1ª VF de Concórdia;50;43;65;2;57;509
SCCON01S - Juízo Substituto da 1ª VF de Concórdia;56;53;67;2;65;485
Total 12 - CONCÓRDIA 09/2018 e-ProcV2;106;96;132;4;122;994
13 - RIO DO SUL
SCRSL01F - Juízo Federal da 1ª VF de Rio do Sul;112;46;15;5;4;236
SCRSL01S - Juízo Substituto da 1ª VF de Rio do Sul;102;47;13;12;3;254
SCRSLUI02F - Juízo Federal da 2ª Unidade de Apoio Itinerante em Rio do Sul;0;26;56;1;31;386
SCRSLUI02S - Juízo Substituto da 2ª Unidade de Apoio Itinerante em Rio do Sul;0;35;32;0;45;333
SCRSLUI01F - Juízo Federal da 1ª Unidade de Apoio Itinerante em Rio do Sul;0;37;42;4;41;323
SCRSLUI01S - Juízo Substituto da 1ª Unidade de Apoio Itinerante em Rio do Sul;0;30;54;0;35;330
Total 13 - RIO DO SUL 09/2018 e-ProcV2;214;221;212;22;159;1862
14 - MAFRA
SCMFA01F - Juízo Federal da 1ª VF de Mafra;96;45;64;12;86;666
SCMFA01S - Juízo Substituto da 1ª VF de Mafra;82;47;39;34;129;666
Total 14 - MAFRA 09/2018 e-ProcV2;178;92;103;46;215;1332
15 - BRUSQUE
SCBQE01F - Juízo Federal da 1ª VF de Brusque;85;66;77;27;3;570
SCBQE01S - Juízo Substituto da 1ª VF de Brusque;110;73;80;32;31;654
Total 15 - BRUSQUE 09/2018 e-ProcV2;195;139;157;59;34;1224
16 - LAGUNA
SCLGA01F - Juízo Federal da 1ª VF de Laguna;87;103;93;1;45;620
SCLGA01S - Juízo Substituto da 1ª VF de Laguna;95;90;49;3;74;659
Total 16 - LAGUNA 09/2018 e-ProcV2;182;193;142;4;119;1279
19 - VIDEIRA - CAÇADOR
SCCACUI01F - Juízo Federal da 1ª Unidade de Apoio Itinerante em Caçador;0;16;24;0;24;212
SCCACUI01S - Juízo Substituto da 1ª Unidade de Apoio Itinerante em Caçador;0;13;11;0;26;206
SCCACUI02F - Juízo Federal da 2ª Unidade de Apoio Itinerante em Caçador;0;16;16;0;15;188
SCCACUI02S - Juízo Substituto da 2ª Unidade de Apoio Itinerante em Caçador;0;28;15;0;16;183
Total 19 - VIDEIRA - CAÇADOR 09/2018 e-ProcV2;0;73;66;0;81;789
Total 09/2018 e-ProcV2;6533;7210;5705;1859;5426;56728
10/2018
00 - FLORIANÓPOLIS
SCFLP02F - Juízo Federal da 2ª VF de Florianópolis;27;15;16;38;27;280
SCFLP02S - Juízo Substituto da 2ª VF de Florianópolis;31;13;64;16;31;304
SCFLP03F - Juízo Federal da 3ª VF de Florianópolis;17;23;11;89;23;290
SCFLP03S - Juízo Substituto da 3ª VF de Florianópolis;22;18;17;78;13;295
SCFLP04F - Juízo Federal da 4ª VF de Florianópolis;21;30;25;41;24;341
SCFLP04S - Juízo Substituto da 4ª VF de Florianópolis;26;28;27;53;27;361
SCFLP06F - Juízo Federal da 6ª VF de Florianópolis;0;0;1;0;0;1
SCFLP06S - Juízo Substituto da 6ª VF de Florianópolis;0;0;0;0;0;1
SCFLP08F - Juízo Federal da 8ª VF de Florianópolis;129;124;179;3;65;657
SCFLP08S - Juízo Substituto da 8ª VF de Florianópolis;132;132;199;0;70;678
SCFLPCEMA - CENTRAL DE MANDADOS - FLORIANÓPOLIS;2;1;0;0;0;2
SCFLP05F - Juízo Federal da 5ª VF de Florianópolis;131;100;119;137;184;988
SCFLP05S - Juízo Substituto da 5ª VF de Florianópolis;132;88;122;119;176;948
SCFLPCEJUA - JUÍZO A DO CEJUSCON DE FLORIANÓPOLIS;0;0;0;0;0;614
Total 00 - FLORIANÓPOLIS 10/2018 e-ProcV2;670;572;780;574;640;5760
01 - JOINVILLE
SCJOI04F - Juízo Federal da 4ª VF de Joinville;150;233;183;41;294;2645
SCJOI04S - Juízo Substituto da 4ª VF de Joinville;180;248;172;111;293;2829
SCJOI03F - Juízo Federal da 3ª VF de Joinville;153;312;196;24;63;1521
SCJOI03S - Juízo Substituto da 3ª VF de Joinville;158;322;216;20;44;1575
SCJOI05F - Juízo Federal da 5ª VF de Joinville;0;1;0;0;0;0
SCJOICEMA - CENTRAL DE MANDADOS - JOINVILLE;0;0;0;0;0;1
SCJOI06F - Juízo Federal da 6ª VF de Joinville;0;0;0;0;0;1
SCJOI06S - Juízo Substituto da 6ª VF de Joinville;0;0;0;1;0;1
Total 01 - JOINVILLE 10/2018 e-ProcV2;641;1116;767;197;694;8573
02 - CHAPECÓ
SCCHA01F - Juízo Federal da 1ª VF de Chapecó;6;2;5;14;1;134
SCCHA01S - Juízo Substituto da 1ª VF de Chapecó;4;0;3;18;10;160
SCCHA02F - Juízo Federal da 2ª VF de Chapecó;8;13;12;8;4;142
SCCHA02S - Juízo Substituto da 2ª VF de Chapecó;5;10;3;15;5;122
SCCHA03F - Juízo Federal da 3ª VF de Chapecó;221;209;154;14;136;1095
SCCHA03S - Juízo Substituto da 3ª VF de Chapecó;225;224;184;13;85;1089
SCCHACEJUA - JUÍZO A DO CEJUSCON DE CHAPECÓ;0;0;80;0;0;74
Total 02 - CHAPECÓ 10/2018 e-ProcV2;469;458;441;82;241;2816
03 - JOAÇABA
SCJOA01F - Juízo Federal da 1ª VF de Joaçaba;102;72;97;84;92;1092
SCJOA01S - Juízo Substituto da 1ª VF de Joaçaba;111;76;138;100;87;1133
Total 03 - JOAÇABA 10/2018 e-ProcV2;213;148;235;184;179;2225
04 - CRICIÚMA
SCCRI02F - Juízo Federal da 2ª VF de Criciúma;179;131;138;0;112;887
SCCRI02S - Juízo Substituto da 2ª VF de Criciúma;163;120;134;4;43;825
SCCRI03F - Juízo Federal da 3ª VF de Criciúma;177;140;119;2;154;853
SCCRI03S - Juízo Substituto da 3ª VF de Criciúma;172;139;108;7;146;845
SCCRICEMA - CENTRAL DE MANDADOS - CRICIÚMA;2;0;0;0;0;1
SCCRI04F - Juízo Federal da 4ª VF de Criciúma;43;13;23;13;38;574
SCCRI04S - Juízo Substituto da 4ª VF de Criciúma;38;14;26;35;49;564
Total 04 - CRICIÚMA 10/2018 e-ProcV2;774;557;548;61;542;4549
05 - BLUMENAU
SCBLU01F - Juízo Federal da 1ª VF de Blumenau;35;33;40;71;14;468
SCBLU01S - Juízo Substituto da 1ª VF de Blumenau;30;42;27;62;9;453
SCBLU03F - Juízo Federal da 3ª VF de Blumenau;161;161;144;7;104;1068
SCBLU03S - Juízo Substituto da 3ª VF de Blumenau;154;170;183;17;155;1132
SCBLU02F - Juízo Federal da 2ª VF de Blumenau;42;29;27;73;38;484
SCBLU02S - Juízo Substituto da 2ª VF de Blumenau;37;31;27;89;37;470
SCBLU04F - Juízo Federal da 4ª VF de Blumenau;167;117;186;10;87;1163
SCBLU04S - Juízo Substituto da 4ª VF de Blumenau;159;99;167;4;94;1205
SCBLUCEMA - CENTRAL DE MANDADOS - BLUMENAU;1;1;0;0;0;1
Total 05 - BLUMENAU 10/2018 e-ProcV2;786;683;801;333;538;6444
06 - LAGES
SCLAG01F - Juízo Federal da 1ª VF de Lages;12;5;8;0;2;74
SCLAG01S - Juízo Substituto da 1ª VF de Lages;11;3;8;1;4;79
SCLAG02F - Juízo Federal da 2ª VF de Lages;261;455;249;34;195;1592
SCLAG02S - Juízo Substituto da 2ª VF de Lages;262;408;259;41;199;1674
SCLAGCEMA - CENTRAL DE MANDADOS - LAGES;0;1;0;0;0;0
SCLAGCEJUA - JUÍZO A DO CEJUSCON DE LAGES;0;0;0;0;0;131
Total 06 - LAGES 10/2018 e-ProcV2;546;872;524;76;400;3550
07 - TUBARÃO
SCTUB01F - Juízo Federal da 1ª VF de Tubarão;0;0;0;0;1;1
SCTUB02F - Juízo Federal da 2ª VF de Tubarão;238;228;297;14;185;2069
SCTUB02S - Juízo Substituto da 2ª VF de Tubarão;244;242;314;11;246;2117
SCTUBCEMA - CENTRAL DE MANDADOS - TUBARÃO;0;1;0;0;0;0
Total 07 - TUBARÃO 10/2018 e-ProcV2;482;471;611;25;432;4187
08 - ITAJAÍ
SCITA02F - Juízo Federal da 2ª VF de Itajaí;29;22;22;21;47;259
SCITA02S - Juízo Substituto da 2ª VF de Itajaí;24;20;23;18;52;236
SCITA03F - Juízo Federal da 3ª VF de Itajaí;35;24;34;19;21;203
SCITA03S - Juízo Substituto da 3ª VF de Itajaí;26;16;34;4;43;232
SCITACEMA - CENTRAL DE MANDADOS - ITAJAÍ;0;1;0;0;0;5
SCITA04F - Juízo Federal da 4ª VF de Itajaí;314;296;279;28;257;2296
SCITA04S - Juízo Substituto da 4ª VF de Itajaí;315;315;248;28;260;2265
SCITACEJUA - JUÍZO A DO CEJUSCON DE ITAJAÍ;0;0;0;0;0;1
Total 08 - ITAJAÍ 10/2018 e-ProcV2;743;694;640;118;680;5497
09 - JARAGUÁ DO SUL
SCJAR01F - Juízo Federal da 1ª VF de Jaraguá do Sul;0;0;0;0;0;6
SCJAR01S - Juízo Substituto da 1ª VF de Jaraguá do Sul;0;0;0;2;0;10
SCJAR02F - Juízo Federal da 2ª VF de Jaraguá do Sul;286;147;215;0;39;1551
SCJAR02S - Juízo Substituto da 2ª VF de Jaraguá do Sul;285;120;191;2;64;1612
Total 09 - JARAGUÁ DO SUL 10/2018 e-ProcV2;571;267;406;4;103;3179
10 - SÃO MIGUEL DO OESTE
SCSMO01F - Juízo Federal da 1ª VF de São Miguel do Oeste;125;76;91;32;159;1080
SCSMO01S - Juízo Substituto da 1ª VF de São Miguel do Oeste;129;86;100;29;169;1082
Total 10 - SÃO MIGUEL DO OESTE 10/2018 e-ProcV2;254;162;191;61;328;2162
11 - CAÇADOR
SCCAC01F - Juízo Federal da 1ª VF de Caçador;115;80;75;31;190;1007
SCCAC01S - Juízo Substituto da 1ª VF de Caçador;119;84;55;29;191;945
Total 11 - CAÇADOR 10/2018 e-ProcV2;234;164;130;60;381;1952
12 - CONCÓRDIA
SCCON01F - Juízo Federal da 1ª VF de Concórdia;66;93;80;8;72;489
SCCON01S - Juízo Substituto da 1ª VF de Concórdia;72;98;89;9;79;474
Total 12 - CONCÓRDIA 10/2018 e-ProcV2;138;191;169;17;151;963
13 - RIO DO SUL
SCRSL01F - Juízo Federal da 1ª VF de Rio do Sul;129;50;19;5;0;331
SCRSL01S - Juízo Substituto da 1ª VF de Rio do Sul;106;69;7;17;2;317
SCRSLUI02F - Juízo Federal da 2ª Unidade de Apoio Itinerante em Rio do Sul;0;36;39;0;39;330
SCRSLUI02S - Juízo Substituto da 2ª Unidade de Apoio Itinerante em Rio do Sul;0;26;57;0;20;286
SCRSLUI01F - Juízo Federal da 1ª Unidade de Apoio Itinerante em Rio do Sul;0;29;63;2;27;278
SCRSLUI01S - Juízo Substituto da 1ª Unidade de Apoio Itinerante em Rio do Sul;0;36;43;3;40;272
Total 13 - RIO DO SUL 10/2018 e-ProcV2;235;246;228;27;128;1814
14 - MAFRA
SCMFA01F - Juízo Federal da 1ª VF de Mafra;210;81;53;36;130;781
SCMFA01S - Juízo Substituto da 1ª VF de Mafra;187;67;74;38;156;791
Total 14 - MAFRA 10/2018 e-ProcV2;397;148;127;74;286;1572
15 - BRUSQUE
SCBQE01F - Juízo Federal da 1ª VF de Brusque;98;114;61;42;30;562
SCBQE01S - Juízo Substituto da 1ª VF de Brusque;117;116;90;39;40;664
Total 15 - BRUSQUE 10/2018 e-ProcV2;215;230;151;81;70;1226
16 - LAGUNA
SCLGA01F - Juízo Federal da 1ª VF de Laguna;103;83;116;1;35;633
SCLGA01S - Juízo Substituto da 1ª VF de Laguna;115;93;170;0;36;680
Total 16 - LAGUNA 10/2018 e-ProcV2;218;176;286;1;71;1313
19 - VIDEIRA - CAÇADOR
SCCACUI01F - Juízo Federal da 1ª Unidade de Apoio Itinerante em Caçador;0;15;5;0;26;215
SCCACUI01S - Juízo Substituto da 1ª Unidade de Apoio Itinerante em Caçador;0;9;22;0;8;219
SCCACUI02F - Juízo Federal da 2ª Unidade de Apoio Itinerante em Caçador;0;14;17;0;17;192
SCCACUI02S - Juízo Substituto da 2ª Unidade de Apoio Itinerante em Caçador;0;14;20;0;16;200
Total 19 - VIDEIRA - CAÇADOR 10/2018 e-ProcV2;0;52;64;0;67;826
Total 10/2018 e-ProcV2;7586;7207;7099;1975;5931;58608
11/2018
00 - FLORIANÓPOLIS
SCFLP02F - Juízo Federal da 2ª VF de Florianópolis;29;11;11;48;24;276
SCFLP02S - Juízo Substituto da 2ª VF de Florianópolis;28;12;8;18;49;305
SCFLP03F - Juízo Federal da 3ª VF de Florianópolis;36;12;16;95;15;339
SCFLP03S - Juízo Substituto da 3ª VF de Florianópolis;29;33;14;117;26;299
SCFLP04F - Juízo Federal da 4ª VF de Florianópolis;25;39;28;38;12;330
SCFLP04S - Juízo Substituto da 4ª VF de Florianópolis;25;25;26;61;30;348
SCFLP06F - Juízo Federal da 6ª VF de Florianópolis;1;1;1;0;0;2
SCFLP08F - Juízo Federal da 8ª VF de Florianópolis;128;116;112;15;96;654
SCFLP08S - Juízo Substituto da 8ª VF de Florianópolis;132;114;115;12;102;679
SCFLPCEMA - CENTRAL DE MANDADOS - FLORIANÓPOLIS;1;1;0;0;0;2
SCFLP05F - Juízo Federal da 5ª VF de Florianópolis;126;76;143;116;127;1051
SCFLP05S - Juízo Substituto da 5ª VF de Florianópolis;130;66;133;119;129;1004
SCFLPCEJUA - JUÍZO A DO CEJUSCON DE FLORIANÓPOLIS;30;0;0;2;0;683
Total 00 - FLORIANÓPOLIS 11/2018 e-ProcV2;720;506;607;641;610;5972
01 - JOINVILLE
SCJOI04F - Juízo Federal da 4ª VF de Joinville;233;200;184;33;306;2707
SCJOI04S - Juízo Substituto da 4ª VF de Joinville;169;242;248;36;265;2812
SCJOI03F - Juízo Federal da 3ª VF de Joinville;233;196;225;44;50;1548
SCJOI03S - Juízo Substituto da 3ª VF de Joinville;243;241;176;51;56;1565
SCJOICEMA - CENTRAL DE MANDADOS - JOINVILLE;0;0;0;0;0;1
SCJOI06F - Juízo Federal da 6ª VF de Joinville;0;0;0;1;0;1
SCJOI06S - Juízo Substituto da 6ª VF de Joinville;0;0;0;1;0;1
Total 01 - JOINVILLE 11/2018 e-ProcV2;878;879;833;166;677;8635
02 - CHAPECÓ
SCCHA01F - Juízo Federal da 1ª VF de Chapecó;6;0;1;18;7;142
SCCHA01S - Juízo Substituto da 1ª VF de Chapecó;6;0;8;21;19;167
SCCHA02F - Juízo Federal da 2ª VF de Chapecó;4;8;6;35;6;134
SCCHA02S - Juízo Substituto da 2ª VF de Chapecó;6;12;7;17;4;104
SCCHA03F - Juízo Federal da 3ª VF de Chapecó;175;136;176;26;133;1134
SCCHA03S - Juízo Substituto da 3ª VF de Chapecó;176;172;164;5;87;1108
SCCHACEJUA - JUÍZO A DO CEJUSCON DE CHAPECÓ;0;0;34;1;1;65
Total 02 - CHAPECÓ 11/2018 e-ProcV2;373;328;396;123;257;2854
03 - JOAÇABA
SCJOA01F - Juízo Federal da 1ª VF de Joaçaba;97;84;124;83;101;1110
SCJOA01S - Juízo Substituto da 1ª VF de Joaçaba;106;76;124;100;58;1146
Total 03 - JOAÇABA 11/2018 e-ProcV2;203;160;248;183;159;2256
04 - CRICIÚMA
SCCRI02F - Juízo Federal da 2ª VF de Criciúma;148;100;110;0;63;906
SCCRI02S - Juízo Substituto da 2ª VF de Criciúma;144;104;120;4;0;850
SCCRI03F - Juízo Federal da 3ª VF de Criciúma;151;115;161;5;134;926
SCCRI03S - Juízo Substituto da 3ª VF de Criciúma;150;102;186;7;120;911
SCCRICEMA - CENTRAL DE MANDADOS - CRICIÚMA;1;1;0;0;0;1
SCCRI04F - Juízo Federal da 4ª VF de Criciúma;37;28;32;15;29;589
SCCRI04S - Juízo Substituto da 4ª VF de Criciúma;31;9;33;26;18;583
SCCRICEJUA - JUÍZO A DO CEJUSCON DE CRICIÚMA;0;0;0;0;0;1
Total 04 - CRICIÚMA 11/2018 e-ProcV2;662;459;642;57;364;4767
05 - BLUMENAU
SCBLU01F - Juízo Federal da 1ª VF de Blumenau;28;22;15;125;19;469
SCBLU01S - Juízo Substituto da 1ª VF de Blumenau;33;17;14;91;16;454
SCBLU03F - Juízo Federal da 3ª VF de Blumenau;142;139;120;8;117;1094
SCBLU03S - Juízo Substituto da 3ª VF de Blumenau;144;126;129;11;156;1151
SCBLU02F - Juízo Federal da 2ª VF de Blumenau;30;26;13;101;54;466
SCBLU02S - Juízo Substituto da 2ª VF de Blumenau;30;25;11;88;49;445
SCBLU04F - Juízo Federal da 4ª VF de Blumenau;137;146;147;8;67;1171
SCBLU04S - Juízo Substituto da 4ª VF de Blumenau;145;158;148;6;69;1183
SCBLUCEMA - CENTRAL DE MANDADOS - BLUMENAU;0;1;0;0;0;0
Total 05 - BLUMENAU 11/2018 e-ProcV2;689;660;597;438;547;6433
06 - LAGES
SCLAG01F - Juízo Federal da 1ª VF de Lages;9;5;1;2;1;68
SCLAG01S - Juízo Substituto da 1ª VF de Lages;4;3;5;6;2;78
SCLAG02F - Juízo Federal da 2ª VF de Lages;218;219;188;57;218;1610
SCLAG02S - Juízo Substituto da 2ª VF de Lages;221;222;218;42;214;1665
SCLAGCEMA - CENTRAL DE MANDADOS - LAGES;4;0;0;0;0;4
SCLAGCEJUA - JUÍZO A DO CEJUSCON DE LAGES;0;0;0;0;0;108
Total 06 - LAGES 11/2018 e-ProcV2;456;449;412;107;435;3533
07 - TUBARÃO
SCTUB01F - Juízo Federal da 1ª VF de Tubarão;0;0;0;0;0;1
SCTUB02F - Juízo Federal da 2ª VF de Tubarão;225;264;361;4;116;1999
SCTUB02S - Juízo Substituto da 2ª VF de Tubarão;224;234;336;5;218;2077
Total 07 - TUBARÃO 11/2018 e-ProcV2;449;498;697;9;334;4077
08 - ITAJAÍ
SCITA02F - Juízo Federal da 2ª VF de Itajaí;28;14;25;23;43;267
SCITA02S - Juízo Substituto da 2ª VF de Itajaí;24;17;28;25;45;241
SCITA03F - Juízo Federal da 3ª VF de Itajaí;25;10;38;13;15;228
SCITA03S - Juízo Substituto da 3ª VF de Itajaí;23;8;6;11;70;234
SCITACEMA - CENTRAL DE MANDADOS - ITAJAÍ;0;5;0;0;0;0
SCITA04F - Juízo Federal da 4ª VF de Itajaí;288;378;313;7;265;2225
SCITA04S - Juízo Substituto da 4ª VF de Itajaí;292;344;332;6;250;2225
SCITACEJUA - JUÍZO A DO CEJUSCON DE ITAJAÍ;0;0;0;0;0;1
Total 08 - ITAJAÍ 11/2018 e-ProcV2;680;776;742;85;688;5421
09 - JARAGUÁ DO SUL
SCJAR01S - Juízo Substituto da 1ª VF de Jaraguá do Sul;0;1;0;0;0;1
SCJAR02F - Juízo Federal da 2ª VF de Jaraguá do Sul;121;101;165;6;79;1575
SCJAR02S - Juízo Substituto da 2ª VF de Jaraguá do Sul;123;106;159;4;81;1643
Total 09 - JARAGUÁ DO SUL 11/2018 e-ProcV2;244;208;324;10;160;3219
10 - SÃO MIGUEL DO OESTE
SCSMO01F - Juízo Federal da 1ª VF de São Miguel do Oeste;98;47;120;23;217;1136
SCSMO01S - Juízo Substituto da 1ª VF de São Miguel do Oeste;92;62;93;27;231;1096
Total 10 - SÃO MIGUEL DO OESTE 11/2018 e-ProcV2;190;109;213;50;448;2232
11 - CAÇADOR
SCCAC01F - Juízo Federal da 1ª VF de Caçador;117;60;127;18;182;1046
SCCAC01S - Juízo Substituto da 1ª VF de Caçador;96;46;75;17;252;980
Total 11 - CAÇADOR 11/2018 e-ProcV2;213;106;202;35;434;2026
12 - CONCÓRDIA
SCCON01F - Juízo Federal da 1ª VF de Concórdia;70;37;58;2;84;527
SCCON01S - Juízo Substituto da 1ª VF de Concórdia;71;46;54;6;86;506
Total 12 - CONCÓRDIA 11/2018 e-ProcV2;141;83;112;8;170;1033
13 - RIO DO SUL
SCRSL01F - Juízo Federal da 1ª VF de Rio do Sul;109;49;17;13;8;452
SCRSL01S - Juízo Substituto da 1ª VF de Rio do Sul;106;65;7;16;6;423
SCRSLUI02F - Juízo Federal da 2ª Unidade de Apoio Itinerante em Rio do Sul;0;18;48;0;28;295
SCRSLUI02S - Juízo Substituto da 2ª Unidade de Apoio Itinerante em Rio do Sul;0;26;32;1;20;268
SCRSLUI01F - Juízo Federal da 1ª Unidade de Apoio Itinerante em Rio do Sul;0;30;20;1;44;235
SCRSLUI01S - Juízo Substituto da 1ª Unidade de Apoio Itinerante em Rio do Sul;0;24;36;2;44;253
Total 13 - RIO DO SUL 11/2018 e-ProcV2;215;212;160;33;150;1926
14 - MAFRA
SCMFA01F - Juízo Federal da 1ª VF de Mafra;98;32;69;33;147;856
SCMFA01S - Juízo Substituto da 1ª VF de Mafra;106;43;78;33;154;855
Total 14 - MAFRA 11/2018 e-ProcV2;204;75;147;66;301;1711
15 - BRUSQUE
SCBQE01F - Juízo Federal da 1ª VF de Brusque;105;75;115;46;23;609
SCBQE01S - Juízo Substituto da 1ª VF de Brusque;117;85;96;53;41;690
Total 15 - BRUSQUE 11/2018 e-ProcV2;222;160;211;99;64;1299
16 - LAGUNA
SCLGA01F - Juízo Federal da 1ª VF de Laguna;81;115;81;1;27;619
SCLGA01S - Juízo Substituto da 1ª VF de Laguna;89;109;85;4;33;649
Total 16 - LAGUNA 11/2018 e-ProcV2;170;224;166;5;60;1268
19 - VIDEIRA - CAÇADOR
SCCACUI01F - Juízo Federal da 1ª Unidade de Apoio Itinerante em Caçador;0;13;12;0;25;205
SCCACUI01S - Juízo Substituto da 1ª Unidade de Apoio Itinerante em Caçador;0;6;14;0;0;207
SCCACUI02F - Juízo Federal da 2ª Unidade de Apoio Itinerante em Caçador;0;24;40;0;0;166
SCCACUI02S - Juízo Substituto da 2ª Unidade de Apoio Itinerante em Caçador;0;23;36;0;5;169
Total 19 - VIDEIRA - CAÇADOR 11/2018 e-ProcV2;0;66;102;0;30;747
Total 11/2018 e-ProcV2;6709;5958;6811;2115;5888;59409
Total e-ProcV2;77363;78634;72954;2115;5888;59409
